วันเดือนปี,ล่าสุด,ราคาเปิด,สูงสุด,ต่ำสุด,ปริมาณ,% เปลี่ยน
1-May-22,97493.40,"94,960.40","97,800.00","94,199.40",0.03K,2.67%
30-Apr-22,94960.40,"97,000.00","97,999.90","94,390.50",0.02K,-2.10%
29-Apr-22,97000.00,"100,136.30","100,201.00","96,500.00",0.04K,-3.13%
28-Apr-22,100136.30,"99,446.00","101,498.00","98,000.00",0.03K,0.69%
27-Apr-22,99446.00,"96,505.60","99,999.00","96,505.60",0.02K,3.05%
26-Apr-22,96505.60,"102,500.00","102,500.00","95,500.00",0.03K,-5.85%
25-Apr-22,102500.00,"100,000.00","102,500.00","96,000.00",0.06K,2.50%
24-Apr-22,100000.00,"99,825.10","100,720.10","99,500.00",0.01K,0.18%
23-Apr-22,99825.10,"100,300.00","101,427.50","99,421.60",0.01K,-0.47%
22-Apr-22,100300.00,"101,250.00","102,824.20","100,288.90",0.01K,-0.94%
21-Apr-22,101250.00,"104,300.00","106,683.40","100,295.40",0.03K,-2.92%
20-Apr-22,104300.00,"103,517.70","106,000.00","102,655.00",0.03K,0.76%
19-Apr-22,103517.70,"102,969.70","105,000.00","101,500.00",0.02K,0.53%
18-Apr-22,102969.70,"101,350.00","103,433.30","98,010.00",0.04K,1.60%
17-Apr-22,101350.00,"103,350.00","104,000.00","100,795.00",0.01K,-1.94%
16-Apr-22,103350.00,"102,897.60","104,000.00","101,924.80",0.01K,0.44%
15-Apr-22,102897.60,"102,150.00","103,500.00","101,500.00",0.01K,0.73%
14-Apr-22,102150.00,"105,304.00","106,247.20","101,000.00",0.02K,-3.00%
13-Apr-22,105304.00,"102,276.30","105,304.00","101,500.00",0.01K,2.96%
12-Apr-22,102276.30,"101,900.00","104,000.00","100,237.30",0.02K,0.37%
11-Apr-22,101900.00,"108,690.00","108,788.70","100,100.00",0.03K,-6.25%
10-Apr-22,108690.00,"108,546.40","110,951.50","108,500.90",0.02K,0.13%
9-Apr-22,108546.40,"108,242.10","110,000.00","107,500.00",0.01K,0.28%
8-Apr-22,108242.10,"109,425.80","111,699.90","107,700.00",0.02K,-1.08%
7-Apr-22,109425.80,"107,000.00","109,999.90","106,300.00",0.03K,2.27%
6-Apr-22,107000.00,"115,100.00","115,100.00","107,000.00",0.04K,-7.04%
5-Apr-22,115100.00,"118,000.00","118,516.90","115,100.00",0.04K,-2.46%
4-Apr-22,118000.00,"118,200.00","118,200.00","115,009.00",0.03K,-0.17%
3-Apr-22,118200.00,"116,428.50","119,990.00","115,000.00",0.03K,1.52%
2-Apr-22,116428.50,"115,500.00","118,299.00","115,500.00",0.05K,0.80%
1-Apr-22,115500.00,"109,610.00","116,000.00","108,200.00",0.04K,5.37%
31-Mar-22,109610.00,"113,090.80","114,800.00","109,181.30",0.06K,-3.08%
30-Mar-22,113090.80,"114,405.10","115,062.80","112,099.00",0.04K,-1.15%
29-Mar-22,114405.10,"112,211.30","116,999.90","112,009.10",0.07K,1.96%
28-Mar-22,112211.30,"110,390.00","115,200.00","109,474.70",0.07K,1.65%
27-Mar-22,110390.00,"105,199.30","110,390.00","104,500.10",0.05K,4.93%
26-Mar-22,105199.30,"104,634.50","105,900.00","103,500.30",0.03K,0.54%
25-Mar-22,104634.50,"103,200.00","107,000.00","103,200.00",0.06K,1.39%
24-Mar-22,103200.00,"100,842.90","104,499.00","100,842.60",0.05K,2.34%
23-Mar-22,100842.90,"99,610.10","101,500.00","98,171.20",0.09K,1.24%
22-Mar-22,99610.10,"98,000.00","100,998.00","96,386.60",0.08K,1.64%
21-Mar-22,98000.00,"95,854.90","98,500.00","94,731.70",0.02K,2.24%
20-Mar-22,95854.90,"98,023.60","98,700.00","94,000.00",0.04K,-2.21%
19-Mar-22,98023.60,"98,250.00","99,000.00","96,859.80",0.03K,-0.23%
18-Mar-22,98250.00,"92,895.90","99,220.00","92,249.00",0.06K,5.76%
17-Mar-22,92895.90,"92,000.00","94,222.00","90,571.80",0.05K,0.97%
16-Mar-22,92000.00,"87,400.00","92,000.00","87,000.00",0.05K,5.26%
15-Mar-22,87400.00,"86,767.70","88,707.80","84,500.00",0.03K,0.73%
14-Mar-22,86767.70,"85,101.50","87,500.00","83,685.70",0.03K,1.96%
13-Mar-22,85101.50,"86,899.90","86,900.00","83,668.60",0.02K,-2.07%
12-Mar-22,86899.90,"85,925.90","87,075.80","85,400.00",0.01K,1.13%
11-Mar-22,85925.90,"87,666.00","89,000.00","84,859.50",0.03K,-1.98%
10-Mar-22,87666.00,"90,432.10","90,432.10","85,367.90",0.03K,-3.06%
9-Mar-22,90432.10,"86,010.70","92,000.00","85,572.10",0.07K,5.14%
8-Mar-22,86010.70,"83,000.00","86,800.00","82,737.00",0.02K,3.63%
7-Mar-22,83000.00,"85,970.30","87,100.10","81,500.00",0.05K,-3.45%
6-Mar-22,85970.30,"88,000.00","89,675.50","84,500.00",0.02K,-2.31%
5-Mar-22,88000.00,"87,996.20","89,998.80","85,700.40",0.03K,0.00%
4-Mar-22,87996.20,"93,194.50","93,194.50","85,500.00",0.05K,-5.58%
3-Mar-22,93194.50,"95,646.50","96,800.00","91,999.00",0.04K,-2.56%
2-Mar-22,95646.50,"96,847.60","99,000.00","95,000.10",0.04K,-1.24%
1-Mar-22,96847.60,"94,990.00","99,000.00","92,005.00",0.06K,1.96%
28-Feb-22,94990.00,"85,782.90","95,050.50","85,000.00",0.07K,10.73%
27-Feb-22,85782.90,"91,488.40","92,150.00","85,000.00",0.05K,-6.24%
26-Feb-22,91488.40,"90,500.00","93,000.00","89,000.00",0.04K,1.09%
25-Feb-22,90500.00,"85,379.40","92,493.20","84,000.00",0.04K,6.00%
24-Feb-22,85379.40,"84,865.70","89,000.00","76,080.00",0.11K,0.61%
23-Feb-22,84865.70,"86,319.60","90,000.00","84,587.20",0.04K,-1.68%
22-Feb-22,86319.60,"84,295.00","87,000.00","82,000.00",0.03K,2.40%
21-Feb-22,84295.00,"87,153.20","90,800.00","84,295.00",0.04K,-3.28%
20-Feb-22,87153.20,"89,000.00","91,199.90","84,234.30",0.05K,-2.08%
19-Feb-22,89000.00,"90,001.40","92,740.50","88,070.00",0.04K,-1.11%
18-Feb-22,90001.40,"94,022.50","97,498.00","90,001.20",0.03K,-4.28%
17-Feb-22,94022.50,"102,226.20","102,226.20","93,000.00",0.04K,-8.02%
16-Feb-22,102226.20,"103,750.00","103,750.00","99,001.00",0.04K,-1.47%
15-Feb-22,103750.00,"97,229.90","103,750.00","96,000.00",0.06K,6.71%
14-Feb-22,97229.90,"95,750.10","98,000.00","94,000.00",0.02K,1.55%
13-Feb-22,95750.10,"96,660.60","99,848.90","95,000.00",0.02K,-0.94%
12-Feb-22,96660.60,"96,996.20","102,895.00","95,000.00",0.03K,-0.35%
11-Feb-22,96996.20,"102,000.60","103,843.30","96,001.00",0.06K,-4.91%
10-Feb-22,102000.60,"106,506.90","108,500.00","102,000.60",0.06K,-4.23%
9-Feb-22,106506.90,"104,172.60","108,450.20","102,000.00",0.05K,2.24%
8-Feb-22,104172.60,"105,548.10","108,000.00","101,000.00",0.07K,-1.30%
7-Feb-22,105548.10,"102,500.00","106,000.00","100,368.00",0.05K,2.97%
6-Feb-22,102500.00,"100,470.00","102,500.00","98,500.00",0.03K,2.02%
5-Feb-22,100470.00,"98,900.00","101,499.00","97,501.80",0.04K,1.59%
4-Feb-22,98900.00,"90,100.00","98,900.00","89,615.80",0.07K,9.77%
3-Feb-22,90100.00,"90,650.00","92,098.90","87,000.00",0.03K,-0.61%
2-Feb-22,90650.00,"93,950.00","93,990.00","88,500.00",0.04K,-3.51%
1-Feb-22,93950.00,"89,000.00","93,950.00","86,800.00",0.04K,5.56%
31-Jan-22,89000.00,"88,500.00","90,000.30","84,000.30",0.05K,0.56%
30-Jan-22,88500.00,"87,506.60","88,500.00","86,000.00",0.02K,1.14%
29-Jan-22,87506.60,"85,550.00","88,500.00","84,002.90",0.04K,2.29%
28-Jan-22,85550.00,"82,000.00","85,555.00","80,000.00",0.03K,4.33%
27-Jan-22,82000.00,"83,930.00","85,799.90","79,300.00",0.05K,-2.30%
26-Jan-22,83930.00,"82,675.80","91,500.00","81,700.00",0.05K,1.52%
25-Jan-22,82675.80,"82,001.50","84,659.00","79,990.00",0.03K,0.82%
24-Jan-22,82001.50,"85,849.80","86,665.70","74,000.00",0.08K,-4.48%
23-Jan-22,85849.80,"81,977.20","86,700.00","81,000.00",0.07K,4.72%
22-Jan-22,81977.20,"86,400.00","90,000.00","78,010.60",0.11K,-5.12%
21-Jan-22,86400.00,"101,600.00","101,808.00","84,147.00",0.13K,-14.96%
20-Jan-22,101600.00,"104,556.60","108,850.00","101,600.00",0.02K,-2.83%
19-Jan-22,104556.60,"106,666.00","108,000.00","102,650.00",0.01K,-1.98%
18-Jan-22,106666.00,"107,703.50","110,499.90","101,500.00",0.04K,-0.96%
17-Jan-22,107703.50,"112,693.20","112,693.20","106,500.00",0.06K,-4.43%
16-Jan-22,112693.20,"112,806.00","114,000.00","110,500.70",0.01K,-0.10%
15-Jan-22,112806.00,"112,450.00","113,250.00","109,027.80",0.01K,0.32%
14-Jan-22,112450.00,"110,009.00","112,450.90","108,000.00",0.03K,2.22%
13-Jan-22,110009.00,"115,153.90","115,500.00","109,500.00",0.05K,-4.47%
12-Jan-22,115153.90,"110,000.00","115,555.00","106,666.00",0.04K,4.69%
11-Jan-22,110000.00,"105,500.00","110,356.20","104,620.00",0.03K,4.27%
10-Jan-22,105500.00,"108,000.00","109,000.00","101,000.00",0.03K,-2.31%
9-Jan-22,108000.00,"106,855.00","110,000.00","105,440.50",0.03K,1.07%
8-Jan-22,106855.00,"108,000.00","111,900.00","103,400.00",0.03K,-1.06%
7-Jan-22,108000.00,"117,000.00","117,000.00","105,888.90",0.08K,-7.69%
6-Jan-22,117000.00,"123,999.00","123,999.00","113,150.00",0.07K,-5.64%
5-Jan-22,123999.00,"128,100.20","130,500.00","117,000.00",0.07K,-3.20%
4-Jan-22,128100.20,"127,522.80","131,599.00","127,000.00",0.03K,0.45%
3-Jan-22,127522.80,"129,001.00","130,700.00","125,550.00",0.05K,-1.15%
2-Jan-22,129001.00,"128,499.90","130,500.00","126,100.00",0.03K,0.39%
1-Jan-22,128499.90,"126,000.00","128,500.00","126,000.00",0.01K,1.98%
31-Dec-21,126000.00,"127,300.00","129,999.00","124,500.00",0.03K,-1.02%
30-Dec-21,127300.00,"125,999.90","128,998.00","123,650.00",0.06K,1.03%
29-Dec-21,125999.90,"130,500.00","130,500.00","124,200.00",0.16K,-3.45%
28-Dec-21,130500.00,"137,097.00","137,700.00","129,191.20",0.08K,-5.23%
27-Dec-21,137700.00,"137,103.80","139,000.00","136,800.00",0.03K,0.43%
26-Dec-21,137103.80,"139,499.00","139,499.00","136,500.00",0.06K,-1.72%
25-Dec-21,139499.00,"136,565.00","139,500.00","136,005.00",0.04K,2.15%
24-Dec-21,136565.00,"138,100.00","139,300.00","136,565.00",0.04K,-1.11%
23-Dec-21,138100.00,"136,499.80","139,500.00","132,000.00",0.04K,1.17%
22-Dec-21,136499.80,"136,490.00","142,005.00","133,500.00",0.04K,0.01%
21-Dec-21,136490.00,"131,009.00","136,699.00","131,009.00",0.06K,4.18%
20-Dec-21,131009.00,"135,499.00","135,499.00","129,000.00",0.06K,-3.31%
19-Dec-21,135499.00,"134,550.00","136,450.00","132,100.50",0.03K,0.71%
18-Dec-21,134550.00,"130,000.00","135,500.00","129,001.20",0.04K,3.50%
17-Dec-21,130000.00,"134,000.00","136,449.00","126,471.90",0.03K,-2.99%
16-Dec-21,134000.00,"135,500.00","138,000.00","134,000.00",0.03K,-1.11%
15-Dec-21,135500.00,"128,000.00","138,800.00","125,000.00",0.04K,5.86%
14-Dec-21,128000.00,"131,900.00","132,990.00","126,591.00",0.03K,-2.96%
13-Dec-21,131900.00,"141,000.00","141,000.00","127,250.00",0.06K,-6.45%
12-Dec-21,141000.00,"137,212.80","142,100.00","136,669.00",0.03K,2.76%
11-Dec-21,137212.80,"135,002.00","140,000.00","133,333.00",0.06K,1.64%
10-Dec-21,135002.00,"143,000.00","147,979.90","135,002.00",0.08K,-5.59%
9-Dec-21,143000.00,"150,100.00","150,999.00","142,000.00",0.05K,-4.73%
8-Dec-21,150100.00,"151,000.00","151,400.00","145,600.00",0.04K,-0.60%
7-Dec-21,151000.00,"150,000.00","151,999.00","147,100.00",0.04K,0.67%
6-Dec-21,150000.00,"147,188.00","151,500.00","137,731.00",0.07K,1.91%
5-Dec-21,147188.00,"144,000.00","148,500.00","141,519.30",0.04K,2.21%
4-Dec-21,144000.00,"148,200.00","149,998.90","134,000.00",0.22K,-2.83%
3-Dec-21,148200.00,"155,999.90","158,777.00","142,000.00",0.08K,-5.00%
2-Dec-21,155999.90,"156,900.00","158,000.00","152,600.00",0.05K,-0.57%
1-Dec-21,156900.00,"155,011.90","161,755.00","154,500.00",0.14K,1.22%
30-Nov-21,155011.90,"150,500.00","159,498.00","143,998.00",0.14K,3.00%
29-Nov-21,150500.00,"147,500.00","151,111.00","143,500.60",0.10K,2.03%
28-Nov-21,147500.00,"140,502.00","147,500.00","137,000.00",0.07K,4.98%
27-Nov-21,140502.00,"140,300.00","145,000.00","140,200.00",0.04K,0.14%
26-Nov-21,140300.00,"153,216.70","154,397.00","136,500.00",0.10K,-9.13%
25-Nov-21,154399.00,"144,400.00","154,400.00","144,027.30",0.08K,6.92%
24-Nov-21,144400.00,"145,255.50","146,887.90","141,770.90",0.03K,-0.59%
23-Nov-21,145255.50,"139,127.70","146,888.00","137,700.00",0.04K,5.26%
22-Nov-21,138000.00,"144,500.00","144,666.30","136,150.00",0.07K,-4.50%
21-Nov-21,144500.00,"148,707.00","148,707.00","144,500.00",0.02K,-2.83%
20-Nov-21,148707.00,"143,798.50","148,707.00","141,600.50",0.04K,3.41%
19-Nov-21,143798.50,"134,000.00","145,051.00","133,500.00",0.04K,7.31%
18-Nov-21,134000.00,"143,544.40","145,000.10","133,000.10",0.08K,-6.65%
17-Nov-21,143544.40,"141,500.00","143,544.40","136,617.50",0.09K,1.44%
16-Nov-21,141500.00,"153,555.00","153,555.00","138,501.00",0.17K,-7.85%
15-Nov-21,153555.00,"153,600.00","158,000.00","152,100.00",0.05K,-0.03%
14-Nov-21,153600.00,"156,000.00","157,000.00","151,806.90",0.05K,-1.54%
13-Nov-21,156000.00,"156,500.00","158,293.20","154,011.00",0.02K,-0.32%
12-Nov-21,156500.00,"158,212.00","160,900.00","152,600.00",0.09K,-1.08%
11-Nov-21,158212.00,"157,004.10","160,327.10","155,721.30",0.05K,0.77%
10-Nov-21,157004.10,"158,019.10","161,732.50","153,000.00",0.13K,-0.64%
9-Nov-21,158019.10,"160,499.00","160,588.40","158,000.00",0.06K,-1.55%
8-Nov-21,160499.00,"153,700.00","160,500.00","153,700.00",0.10K,4.42%
7-Nov-21,153700.00,"152,518.80","155,243.70","152,116.10",0.07K,0.77%
6-Nov-21,152518.80,"151,200.00","153,250.00","147,400.80",0.06K,0.87%
5-Nov-21,151200.00,"153,250.00","153,775.00","151,000.00",0.07K,-1.34%
4-Nov-21,153250.00,"153,929.60","154,199.00","150,450.70",0.06K,-0.44%
3-Nov-21,153929.70,"152,564.60","156,000.00","150,230.00",0.11K,0.89%
2-Nov-21,152564.60,"144,872.60","152,564.60","143,454.40",0.18K,5.31%
1-Nov-21,144872.60,"144,500.00","146,000.00","141,259.70",0.05K,0.26%
31-Oct-21,144500.00,"144,216.60","147,500.00","141,436.60",0.05K,0.20%
30-Oct-21,144216.60,"147,200.00","147,988.50","143,000.00",0.07K,-2.03%
29-Oct-21,147200.00,"143,200.00","148,300.00","142,689.00",0.12K,2.79%
28-Oct-21,143200.00,"134,000.70","143,200.00","133,555.00",0.09K,6.87%
27-Oct-21,134000.70,"139,042.20","143,900.00","134,000.70",0.11K,-3.63%
26-Oct-21,139042.20,"139,750.00","142,459.40","137,450.00",0.09K,-0.51%
25-Oct-21,139750.00,"136,196.50","140,296.10","135,956.00",0.05K,2.61%
24-Oct-21,136196.50,"139,090.00","139,700.00","133,100.00",0.08K,-2.08%
23-Oct-21,139090.00,"132,956.10","139,090.00","132,464.60",0.04K,4.61%
22-Oct-21,132956.10,"136,300.00","139,610.00","131,000.00",0.08K,-2.45%
21-Oct-21,136300.00,"137,995.00","143,700.00","135,000.00",0.20K,-1.23%
20-Oct-21,137995.00,"128,700.00","138,000.00","128,000.00",0.17K,7.22%
19-Oct-21,128700.00,"125,512.30","128,700.00","125,162.10",0.05K,2.54%
18-Oct-21,125512.30,"127,500.00","129,000.00","123,550.00",0.05K,-1.56%
17-Oct-21,127500.00,"127,506.00","129,997.00","123,456.00",0.08K,0.00%
16-Oct-21,127506.00,"128,000.00","130,700.00","126,100.00",0.14K,-0.39%
15-Oct-21,128000.00,"125,350.00","129,000.00","123,890.70",0.08K,2.11%
14-Oct-21,125350.00,"120,158.10","126,180.00","119,913.80",0.15K,4.32%
13-Oct-21,120158.10,"117,818.70","120,200.00","115,300.50",0.07K,1.99%
12-Oct-21,117818.70,"119,896.50","119,896.50","115,500.00",0.11K,-1.73%
11-Oct-21,119896.50,"117,000.00","122,000.00","115,600.00",0.08K,2.48%
10-Oct-21,117000.00,"120,400.00","121,700.00","117,000.00",0.09K,-2.82%
9-Oct-21,120400.00,"120,507.00","122,300.00","119,900.00",0.05K,-0.09%
8-Oct-21,120507.00,"120,300.00","123,000.00","119,550.00",0.06K,0.17%
7-Oct-21,120300.00,"120,768.30","122,300.00","117,000.00",0.10K,-0.39%
6-Oct-21,120768.30,"118,300.00","122,222.00","114,000.00",0.15K,2.09%
5-Oct-21,118300.00,"114,332.70","118,500.00","113,500.00",0.09K,3.47%
4-Oct-21,114332.70,"115,006.60","115,500.90","111,431.90",0.09K,-0.59%
3-Oct-21,115006.60,"113,050.10","116,281.90","112,009.00",0.08K,1.73%
2-Oct-21,113050.10,"110,000.00","115,000.00","108,000.00",0.12K,2.77%
1-Oct-21,110000.00,"101,401.30","111,001.00","101,000.00",0.21K,8.48%
30-Sep-21,101401.30,"98,100.00","103,300.70","98,000.00",0.10K,3.37%
29-Sep-21,98100.00,"96,958.00","100,400.00","96,050.00",0.12K,1.18%
28-Sep-21,96958.00,"100,811.50","101,159.30","96,100.00",0.13K,-3.82%
27-Sep-21,100811.50,"102,488.50","106,310.00","100,000.00",0.12K,-1.64%
26-Sep-21,102488.50,"99,751.70","104,579.90","93,501.00",0.12K,2.74%
25-Sep-21,99751.70,"99,169.00","100,850.00","96,002.00",0.08K,0.59%
24-Sep-21,99169.00,"105,010.00","105,105.00","94,000.00",0.21K,-5.56%
23-Sep-21,105010.00,"104,272.10","106,783.90","103,000.00",0.09K,0.71%
22-Sep-21,104272.10,"94,325.50","105,000.00","94,325.50",0.10K,10.54%
21-Sep-21,94325.50,"101,166.50","105,468.20","93,500.00",0.21K,-6.76%
20-Sep-21,101166.50,"112,021.70","112,354.10","100,001.00",0.19K,-9.69%
19-Sep-21,112021.70,"115,010.00","115,600.00","110,346.20",0.06K,-2.60%
18-Sep-21,115010.00,"113,720.00","117,100.30","113,396.70",0.05K,1.13%
17-Sep-21,113720.00,"118,965.90","119,459.20","112,501.00",0.04K,-4.41%
16-Sep-21,118965.90,"117,844.30","121,163.70","116,207.00",0.06K,0.95%
15-Sep-21,117844.30,"113,000.00","118,700.00","111,321.60",0.06K,4.29%
14-Sep-21,113000.00,"110,506.90","113,100.00","108,850.00",0.05K,2.26%
13-Sep-21,110506.90,"113,311.30","113,870.20","105,000.00",0.09K,-2.47%
12-Sep-21,113311.30,"108,600.00","114,899.00","108,199.70",0.06K,4.34%
11-Sep-21,108600.00,"108,290.00","111,850.00","107,580.00",0.05K,0.29%
10-Sep-21,108290.00,"113,860.40","116,908.50","106,020.00",0.06K,-4.89%
9-Sep-21,113860.40,"117,121.60","119,990.00","113,450.00",0.04K,-2.78%
8-Sep-21,117121.60,"116,617.30","120,999.90","110,000.00",0.09K,0.43%
7-Sep-21,116617.30,"128,789.00","129,000.00","102,687.60",0.15K,-9.45%
6-Sep-21,128789.00,"128,353.90","129,350.00","126,000.00",0.04K,0.34%
5-Sep-21,128353.90,"127,202.00","129,000.00","126,000.00",0.05K,0.91%
4-Sep-21,127202.00,"127,900.00","129,199.00","124,000.00",0.06K,-0.55%
3-Sep-21,127900.00,"122,648.50","129,850.00","121,000.00",0.11K,4.28%
2-Sep-21,122648.50,"121,987.10","123,350.00","119,105.00",0.09K,0.54%
1-Sep-21,121987.10,"111,450.00","121,987.10","109,947.90",0.15K,9.45%
31-Aug-21,111450.00,"105,715.80","111,450.00","105,005.00",0.13K,5.42%
30-Aug-21,105715.80,"106,998.90","109,499.90","104,000.00",0.07K,-1.20%
29-Aug-21,106998.90,"106,870.50","107,800.00","104,451.50",0.04K,0.12%
28-Aug-21,106870.50,"108,041.30","108,368.10","105,601.00",0.04K,-1.08%
27-Aug-21,108041.30,"104,129.30","108,313.20","102,472.50",0.05K,3.76%
26-Aug-21,104129.30,"107,493.90","108,081.40","102,525.90",0.06K,-3.13%
25-Aug-21,107493.90,"107,564.50","108,400.00","103,040.80",0.09K,-0.07%
24-Aug-21,107564.50,"111,362.00","112,373.80","106,002.00",0.10K,-3.41%
23-Aug-21,111362.00,"108,000.00","112,000.00","107,899.90",0.13K,3.11%
22-Aug-21,108000.00,"107,200.00","108,673.80","105,001.00",0.07K,0.75%
21-Aug-21,107200.00,"108,100.00","109,500.00","106,500.00",0.08K,-0.83%
20-Aug-21,108100.00,"104,226.30","108,100.00","104,226.30",0.11K,3.72%
19-Aug-21,104226.30,"101,826.50","104,774.00","99,200.10",0.13K,2.36%
18-Aug-21,101826.50,"102,200.00","104,200.00","100,462.20",0.10K,-0.37%
17-Aug-21,102200.00,"105,600.00","108,100.00","101,500.00",0.15K,-3.22%
16-Aug-21,105600.00,"107,968.50","108,762.70","105,190.00",0.07K,-2.19%
15-Aug-21,107968.50,"107,796.00","108,299.00","103,501.00",0.16K,0.16%
14-Aug-21,107796.00,"107,500.00","108,550.50","105,972.70",0.10K,0.28%
13-Aug-21,107500.00,"102,732.30","107,800.00","102,451.50",0.13K,4.64%
12-Aug-21,102732.30,"105,600.00","108,158.00","99,590.00",0.15K,-2.72%
11-Aug-21,105600.00,"103,751.00","108,900.00","103,751.00",0.17K,1.78%
10-Aug-21,103751.00,"104,132.30","106,509.00","102,060.00",0.16K,-0.37%
9-Aug-21,104132.30,"100,500.00","104,670.00","96,850.00",0.22K,3.61%
8-Aug-21,100500.00,"104,000.00","105,455.00","98,300.00",0.24K,-3.37%
7-Aug-21,104000.00,"94,500.00","104,624.50","94,001.00",0.32K,10.05%
6-Aug-21,94500.00,"92,050.00","96,400.00","90,101.00",0.21K,2.66%
5-Aug-21,92050.00,"89,680.90","93,355.00","85,100.00",0.30K,2.64%
4-Aug-21,89680.90,"83,000.00","90,500.00","81,608.00",0.19K,8.05%
3-Aug-21,83000.00,"86,875.50","86,875.50","81,190.00",0.11K,-4.46%
2-Aug-21,86875.50,"84,564.70","87,270.50","82,549.00",0.11K,2.73%
1-Aug-21,84564.70,"83,000.00","88,261.60","82,403.40",0.18K,1.89%
31-Jul-21,83000.00,"78,812.60","84,000.00","78,812.60",0.14K,5.31%
30-Jul-21,78812.60,"77,119.00","79,655.00","76,000.00",0.15K,2.20%
29-Jul-21,77119.00,"75,300.00","77,500.00","74,251.30",0.08K,2.42%
28-Jul-21,75300.00,"72,839.80","76,000.00","72,839.80",0.12K,3.38%
27-Jul-21,72839.80,"73,111.00","75,650.00","70,100.00",0.10K,-0.37%
26-Jul-21,73111.00,"71,456.30","77,200.00","71,456.30",0.29K,2.32%
25-Jul-21,71456.30,"70,900.00","71,456.30","68,505.00",0.08K,1.25%
24-Jul-21,70575.00,"69,396.30","70,600.00","68,511.00",0.12K,1.70%
23-Jul-21,69396.30,"66,150.00","69,396.30","65,500.40",0.11K,4.91%
22-Jul-21,66150.00,"65,223.00","66,600.00","64,000.30",0.10K,1.42%
21-Jul-21,65223.00,"58,907.00","66,050.00","58,564.60",0.12K,10.72%
20-Jul-21,58907.00,"60,255.00","60,499.90","57,200.00",0.08K,-2.24%
19-Jul-21,60255.00,"62,000.00","62,818.50","59,900.00",0.07K,-2.81%
18-Jul-21,62000.00,"62,022.00","65,419.40","62,000.00",0.07K,-0.04%
17-Jul-21,62022.00,"62,325.70","62,998.30","61,300.00",0.06K,-0.49%
16-Jul-21,62325.70,"62,500.40","64,354.90","61,173.10",0.04K,-0.28%
15-Jul-21,62500.40,"65,900.00","66,425.00","62,300.00",0.07K,-5.16%
14-Jul-21,65900.00,"63,650.00","66,300.00","61,681.00",0.12K,3.53%
13-Jul-21,63650.00,"66,678.30","66,899.90","63,300.00",0.10K,-4.54%
12-Jul-21,66678.30,"69,698.80","70,045.00","66,000.00",0.06K,-4.33%
11-Jul-21,69698.80,"68,113.40","69,700.00","67,890.00",0.03K,2.33%
10-Jul-21,68113.40,"69,821.90","70,700.00","67,499.00",0.05K,-2.45%
9-Jul-21,69821.90,"68,537.20","70,809.20","67,100.00",0.06K,2.66%
8-Jul-21,68010.00,"75,305.50","75,305.50","68,010.00",0.13K,-9.69%
7-Jul-21,75305.50,"74,000.00","76,200.00","74,000.00",0.08K,2.46%
6-Jul-21,73500.00,"70,870.90","74,000.00","70,870.90",0.10K,3.71%
5-Jul-21,70870.90,"73,305.00","73,305.00","70,870.90",0.11K,-3.32%
4-Jul-21,73305.00,"73,500.00","73,700.00","73,305.00",0.17K,3.98%
3-Jul-21,70500.00,"67,797.40","70,500.00","67,797.40",0.10K,3.99%
2-Jul-21,67797.40,"67,800.00","67,800.00","66,600.00",0.08K,0.00%
1-Jul-21,67800.00,"72,200.00","72,200.00","67,313.20",0.07K,-6.09%
30-Jun-21,72200.00,"69,000.00","72,200.00","67,610.90",0.15K,4.64%
29-Jun-21,69000.00,"65,700.00","70,101.00","65,700.00",0.14K,5.02%
28-Jun-21,65700.00,"62,499.00","65,700.00","62,499.00",0.23K,5.12%
27-Jun-21,62499.00,"58,056.40","62,499.00","58,056.40",0.09K,7.65%
26-Jun-21,58056.40,"59,000.00","59,000.00","56,944.60",0.10K,-1.60%
25-Jun-21,59000.00,"62,800.00","62,800.00","59,000.00",0.13K,-6.05%
24-Jun-21,62800.00,"62,615.10","63,000.00","62,615.10",0.05K,0.30%
23-Jun-21,62615.10,"59,129.60","64,233.60","59,129.60",0.12K,5.89%
22-Jun-21,59129.60,"60,203.60","60,203.60","59,129.60",0.20K,-1.78%
21-Jun-21,60203.60,"71,000.00","71,000.00","60,203.60",0.17K,-15.21%
20-Jun-21,71000.00,"69,300.00","72,183.70","69,300.00",0.12K,2.45%
19-Jun-21,69300.00,"70,600.00","71,400.00","69,300.00",0.05K,-1.84%
18-Jun-21,70600.00,"76,000.00","76,000.00","70,600.00",0.16K,-7.11%
17-Jun-21,76000.00,"76,772.50","77,500.00","75,200.00",0.07K,-1.01%
16-Jun-21,76772.50,"80,000.00","80,000.00","76,490.00",0.11K,-4.03%
15-Jun-21,80000.00,"80,500.00","81,300.00","79,999.00",0.09K,-0.62%
14-Jun-21,80500.00,"77,900.00","80,500.00","77,100.00",0.09K,3.34%
13-Jun-21,77900.00,"75,300.00","77,900.00","75,300.00",0.06K,3.45%
12-Jun-21,75300.00,"74,545.00","75,300.00","74,545.00",0.07K,1.01%
11-Jun-21,74545.00,"78,100.20","78,100.20","74,545.00",0.10K,-4.55%
10-Jun-21,78100.20,"81,000.00","81,000.00","78,100.20",0.10K,-3.58%
9-Jun-21,81000.00,"80,000.00","81,808.00","77,500.00",0.13K,1.25%
8-Jun-21,80000.00,"84,555.00","84,555.00","80,000.00",0.23K,-5.39%
7-Jun-21,84555.00,"86,500.00","87,601.00","84,555.00",0.18K,-2.25%
6-Jun-21,86500.00,"84,300.00","86,500.00","84,300.00",0.05K,2.61%
5-Jun-21,84300.00,"84,500.00","87,500.00","84,000.00",0.12K,-0.24%
4-Jun-21,84500.00,"89,450.00","89,450.00","84,000.00",0.10K,-5.53%
3-Jun-21,89450.00,"85,600.00","89,450.00","85,000.00",0.17K,4.50%
2-Jun-21,85600.00,"83,900.00","85,600.00","83,900.00",0.13K,2.03%
1-Jun-21,83900.00,"85,000.00","85,000.00","82,800.00",0.11K,-1.29%
31-May-21,85000.00,"77,000.00","85,000.00","75,990.00",0.16K,10.39%
30-May-21,77000.00,"74,100.00","78,999.00","74,100.00",0.10K,3.91%
29-May-21,74100.00,"78,600.00","78,600.00","74,100.00",0.13K,-5.73%
28-May-21,78600.00,"88,450.00","88,450.00","78,000.00",0.21K,-11.14%
27-May-21,88450.00,"92,990.00","92,990.00","88,450.00",0.18K,-4.88%
26-May-21,92990.00,"87,500.00","92,990.00","87,500.00",0.26K,6.27%
25-May-21,87500.00,"86,500.00","87,500.00","84,950.00",0.23K,1.16%
24-May-21,86500.00,"68,000.00","86,500.00","68,000.00",0.39K,27.21%
23-May-21,68000.00,"76,500.00","76,500.00","67,598.00",0.39K,-11.11%
22-May-21,76500.00,"81,005.00","81,005.00","76,500.00",0.21K,-5.56%
21-May-21,81005.00,"90,100.00","90,100.00","81,005.00",0.29K,-10.09%
20-May-21,90100.00,"83,011.00","90,100.00","83,011.00",0.33K,8.54%
19-May-21,83011.00,"109,510.00","109,510.00","83,011.00",0.49K,-24.20%
18-May-21,109510.00,"107,500.00","110,010.00","107,500.00",0.11K,1.87%
17-May-21,107500.00,"121,115.00","121,115.00","107,500.00",0.27K,-11.24%
16-May-21,121115.00,"121,320.00","124,510.00","121,115.00",0.19K,-0.17%
15-May-21,121320.00,"133,400.00","133,400.00","121,320.00",0.13K,-9.06%
14-May-21,133400.00,"122,000.00","133,400.00","122,000.00",0.19K,9.34%
13-May-21,122000.00,"137,000.00","137,000.00","122,000.00",0.31K,-10.95%
12-May-21,137000.00,"135,500.00","139,950.00","135,500.00",0.33K,1.11%
11-May-21,135500.00,"130,660.00","135,500.00","129,000.00",0.19K,3.70%
10-May-21,130660.00,"126,840.00","134,000.00","126,840.00",0.33K,3.01%
9-May-21,126840.00,"126,227.20","128,520.00","126,227.20",0.26K,0.49%
8-May-21,126227.20,"110,650.00","126,227.20","110,650.00",0.23K,14.08%
7-May-21,110650.00,"112,698.00","112,698.00","110,650.00",0.14K,-1.82%
6-May-21,112698.00,"111,000.00","112,698.00","110,000.00",0.14K,1.53%
5-May-21,111000.00,"107,000.00","111,000.00","106,500.00",0.18K,3.74%
4-May-21,107000.00,"111,111.00","111,700.00","105,000.00",0.38K,-3.70%
3-May-21,111111.00,"95,000.00","111,111.00","95,000.00",0.39K,16.96%
2-May-21,95000.00,"92,601.00","95,000.00","92,601.00",0.10K,2.59%
1-May-21,92601.00,"88,200.00","92,601.00","88,200.00",0.15K,4.99%
30-Apr-21,88200.00,"88,766.00","88,766.00","87,300.90",0.08K,-0.64%
29-Apr-21,88766.00,"88,199.00","88,766.00","87,285.00",0.08K,0.64%
28-Apr-21,88199.00,"86,370.00","88,199.00","86,370.00",0.17K,2.12%
27-Apr-21,86370.00,"82,663.00","86,370.00","82,510.00",0.15K,4.48%
26-Apr-21,82663.00,"75,742.00","82,663.00","75,742.00",0.26K,9.14%
25-Apr-21,75742.00,"73,204.00","75,742.00","73,204.00",0.15K,3.47%
24-Apr-21,73204.00,"77,500.00","77,500.00","73,204.00",0.11K,-5.54%
23-Apr-21,77500.00,"80,717.00","80,717.00","72,737.00",0.23K,-3.99%
22-Apr-21,80717.00,"77,979.00","83,731.00","77,979.00",0.35K,3.51%
21-Apr-21,77979.00,"76,696.00","77,979.00","76,340.00",0.17K,1.67%
20-Apr-21,76696.00,"72,501.00","76,696.00","69,662.00",0.13K,5.74%
19-Apr-21,72530.00,"75,753.00","75,753.00","72,530.00",0.12K,-4.25%
18-Apr-21,75753.00,"78,101.00","78,101.00","73,099.00",0.19K,-3.01%
17-Apr-21,78101.00,"80,760.00","82,555.00","78,101.00",0.16K,-3.29%
16-Apr-21,80760.00,"82,204.00","82,204.00","79,850.00",0.21K,-1.76%
15-Apr-21,82204.00,"80,000.00","82,204.00","80,000.00",0.14K,2.76%
14-Apr-21,80000.00,"75,759.00","80,000.00","75,738.00",0.24K,5.60%
13-Apr-21,75759.00,"70,225.00","75,759.00","70,225.00",0.25K,7.88%
12-Apr-21,70225.00,"69,930.00","70,401.00","69,930.00",0.10K,0.42%
11-Apr-21,69930.00,"69,190.00","70,012.00","69,190.00",0.14K,1.07%
10-Apr-21,69190.00,"66,622.00","69,190.00","66,622.00",0.26K,3.85%
9-Apr-21,66622.00,"66,328.00","66,622.00","66,328.00",0.07K,0.44%
8-Apr-21,66328.00,"64,388.00","66,328.00","64,388.00",0.07K,3.01%
7-Apr-21,64388.00,"67,304.00","67,304.00","64,388.00",0.19K,-4.33%
6-Apr-21,67304.00,"65,973.00","67,479.00","65,973.00",0.14K,2.02%
5-Apr-21,65973.00,"65,583.00","65,973.00","64,538.00",0.17K,0.59%
4-Apr-21,65583.00,"64,028.00","65,583.00","64,028.00",0.11K,2.43%
3-Apr-21,64028.00,"66,500.00","66,500.00","64,028.00",0.17K,-3.72%
2-Apr-21,66500.00,"61,800.00","66,500.00","61,800.00",0.19K,7.61%
1-Apr-21,61800.00,"59,100.00","61,800.00","59,100.00",0.17K,4.57%
31-Mar-21,59100.00,"57,000.00","59,100.00","57,000.00",0.21K,3.68%
30-Mar-21,57000.00,"56,699.00","57,000.00","56,000.00",0.14K,0.53%
29-Mar-21,56699.00,"52,802.00","56,699.00","52,802.00",0.25K,7.38%
28-Mar-21,52802.00,"53,562.00","53,562.00","52,802.00",0.06K,-1.42%
27-Mar-21,53562.00,"53,484.00","53,909.00","53,375.00",0.09K,0.15%
26-Mar-21,53484.00,"51,000.00","53,484.00","51,000.00",0.11K,4.87%
25-Mar-21,51000.00,"52,510.00","52,510.00","50,947.00",0.15K,-2.88%
24-Mar-21,52510.00,"53,132.00","53,963.00","52,510.00",0.11K,-1.17%
23-Mar-21,53132.00,"53,300.00","53,676.00","53,132.00",0.10K,-0.32%
22-Mar-21,53300.00,"55,503.00","55,800.00","53,300.00",0.18K,-3.97%
21-Mar-21,55503.00,"55,932.00","55,932.00","55,400.00",0.10K,-0.77%
20-Mar-21,55932.00,"55,925.00","56,880.00","55,925.00",0.10K,0.01%
19-Mar-21,55925.00,"55,263.00","56,154.00","55,263.00",0.12K,1.20%
18-Mar-21,55263.00,"55,710.00","55,710.00","55,263.00",0.14K,-0.80%
17-Mar-21,55710.00,"55,523.00","55,710.00","54,719.00",0.11K,0.34%
16-Mar-21,55523.00,"55,756.00","56,500.00","54,795.00",0.14K,-0.42%
15-Mar-21,55756.00,"57,694.80","57,694.80","55,483.00",0.21K,-3.36%
14-Mar-21,57694.80,"58,750.00","58,750.00","57,300.00",0.14K,-1.80%
13-Mar-21,58750.00,"54,792.00","58,750.00","54,471.00",0.26K,7.22%
12-Mar-21,54792.00,"55,950.00","55,950.00","54,792.00",0.13K,-2.07%
11-Mar-21,55950.00,"55,400.00","55,950.00","54,100.00",0.20K,0.99%
10-Mar-21,55400.00,"56,998.50","56,998.50","55,400.00",0.18K,-2.80%
9-Mar-21,56998.50,"56,301.00","56,998.50","55,700.00",0.15K,1.24%
8-Mar-21,56301.00,"52,601.00","56,301.00","52,601.00",0.19K,7.03%
7-Mar-21,52601.00,"50,300.00","52,601.00","50,300.00",0.15K,4.57%
6-Mar-21,50300.00,"47,295.00","50,300.00","47,295.00",0.16K,6.35%
5-Mar-21,47295.00,"47,799.00","47,799.00","46,200.00",0.10K,-1.05%
4-Mar-21,47799.00,"48,200.00","48,997.00","47,799.00",0.06K,-0.83%
3-Mar-21,48200.00,"45,500.00","48,700.00","45,500.00",0.14K,5.93%
2-Mar-21,45500.00,"47,900.00","47,900.00","45,500.00",0.15K,-5.01%
1-Mar-21,47900.00,"42,501.00","47,900.00","42,501.00",0.10K,12.70%
28-Feb-21,42501.00,"45,227.00","45,227.00","42,100.00",0.17K,-6.03%
27-Feb-21,45227.00,"45,131.00","45,647.00","45,131.00",0.09K,0.21%
26-Feb-21,45131.00,"46,573.00","48,089.00","45,131.00",0.13K,-2.65%
25-Feb-21,46361.00,"49,965.00","49,965.00","46,361.00",0.12K,-7.21%
24-Feb-21,49965.00,"48,940.00","52,001.00","48,940.00",0.15K,2.09%
23-Feb-21,48940.00,"55,397.00","55,397.00","48,000.00",0.26K,-11.66%
22-Feb-21,55397.00,"60,550.00","60,550.00","55,397.00",0.27K,-8.51%
21-Feb-21,60550.00,"61,000.00","61,000.00","60,301.00",0.09K,-0.74%
20-Feb-21,61000.00,"59,959.00","61,574.00","59,959.00",0.23K,1.74%
19-Feb-21,59959.00,"58,800.00","59,959.00","58,286.00",0.13K,1.97%
18-Feb-21,58800.00,"55,786.00","58,800.00","55,786.00",0.16K,5.40%
17-Feb-21,55786.00,"54,900.00","55,786.00","53,760.00",0.13K,1.61%
16-Feb-21,54900.00,"55,270.00","55,270.00","54,750.00",0.07K,-0.67%
15-Feb-21,55270.00,"55,907.00","55,907.00","53,500.00",0.11K,-1.14%
14-Feb-21,55907.00,"56,193.00","56,531.00","55,907.00",0.10K,-0.51%
13-Feb-21,56193.00,"56,400.00","56,400.00","56,193.00",0.12K,-0.37%
12-Feb-21,56400.00,"54,571.00","56,502.00","54,571.00",0.12K,3.35%
11-Feb-21,54571.00,"53,260.00","54,571.00","53,260.00",0.29K,2.46%
10-Feb-21,53260.00,"53,779.00","53,779.00","52,625.00",0.16K,-0.97%
9-Feb-21,53779.00,"51,142.00","54,164.00","51,142.00",0.30K,5.16%
8-Feb-21,51142.00,"49,199.00","51,142.00","49,199.00",0.21K,3.95%
7-Feb-21,49199.00,"50,331.00","50,331.00","48,000.00",0.18K,-2.25%
6-Feb-21,50331.00,"51,416.00","51,431.00","50,331.00",0.20K,-2.11%
5-Feb-21,51416.00,"47,682.00","51,490.00","47,682.00",0.15K,7.83%
4-Feb-21,47682.00,"49,055.00","49,676.00","47,682.00",0.21K,-2.80%
3-Feb-21,49055.00,"45,500.00","49,055.00","45,500.00",0.27K,7.81%
2-Feb-21,45500.00,"41,371.00","45,500.00","41,371.00",0.32K,9.98%
1-Feb-21,41371.00,"40,272.00","41,371.00","39,856.00",0.13K,2.73%
31-Jan-21,40272.00,"41,300.00","41,300.00","40,272.00",0.10K,-2.49%
30-Jan-21,41300.00,"41,196.00","41,300.00","40,592.00",0.08K,0.25%
29-Jan-21,41196.00,"39,803.00","41,486.00","39,330.00",0.19K,3.50%
28-Jan-21,39803.00,"38,010.10","39,850.00","38,010.10",0.13K,4.72%
27-Jan-21,38010.10,"41,445.00","41,445.00","38,010.10",0.13K,-8.29%
26-Jan-21,41445.00,"40,456.00","41,445.00","40,456.00",0.13K,2.44%
25-Jan-21,40456.00,"41,414.00","42,500.00","40,456.00",0.31K,-2.31%
24-Jan-21,41414.00,"37,626.00","41,414.00","37,626.00",0.21K,10.07%
23-Jan-21,37626.00,"37,675.00","38,300.00","37,626.00",0.09K,-0.13%
22-Jan-21,37675.00,"35,200.00","37,675.00","35,200.00",0.34K,7.03%
21-Jan-21,35200.00,"41,849.00","41,849.00","35,200.00",0.35K,-15.89%
20-Jan-21,41849.00,"41,934.00","41,934.00","41,170.00",0.30K,-0.20%
19-Jan-21,41934.00,"37,699.00","41,934.00","37,699.00",0.44K,11.23%
18-Jan-21,37699.00,"37,500.00","37,699.00","36,739.00",0.07K,0.53%
17-Jan-21,37500.00,"37,786.00","37,786.00","37,024.00",0.12K,-0.76%
16-Jan-21,37786.00,"35,881.00","38,644.00","35,881.00",0.21K,5.31%
15-Jan-21,35881.00,"37,300.00","37,300.00","35,785.00",0.19K,-3.80%
14-Jan-21,37300.00,"34,612.00","37,300.00","34,612.00",0.13K,7.77%
13-Jan-21,34612.00,"34,500.00","34,612.00","32,609.00",0.10K,0.32%
12-Jan-21,34500.00,"34,154.00","34,500.00","33,700.00",0.14K,1.01%
11-Jan-21,34154.00,"40,277.80","40,277.80","34,154.00",0.35K,-15.20%
10-Jan-21,40277.80,"39,300.00","41,457.00","39,300.00",0.25K,2.49%
9-Jan-21,39300.00,"37,892.00","39,300.00","37,800.00",0.15K,3.72%
8-Jan-21,37892.00,"37,956.00","38,000.00","37,892.00",0.17K,-0.17%
7-Jan-21,37956.00,"35,350.00","38,042.30","35,350.00",0.21K,7.37%
6-Jan-21,35350.00,"32,694.80","35,629.00","32,000.00",0.22K,8.12%
5-Jan-21,32694.80,"31,411.00","33,175.60","30,821.00",0.13K,4.09%
4-Jan-21,31411.00,"30,000.00","33,396.00","30,000.00",0.21K,4.70%
3-Jan-21,30000.00,"23,550.00","30,000.00","23,550.00",0.21K,27.39%
2-Jan-21,23550.00,"22,200.00","23,550.00","22,200.00",0.09K,6.08%
1-Jan-21,22200.00,"22,219.00","22,300.00","22,200.00",0.04K,-0.09%
31-Dec-20,22219.00,"22,600.00","22,650.00","22,219.00",0.05K,-1.69%
30-Dec-20,22600.00,"22,100.00","22,600.00","21,756.00",0.06K,2.26%
29-Dec-20,22100.00,"21,600.60","22,240.00","21,600.60",0.05K,2.31%
28-Dec-20,21600.60,"20,999.00","22,500.00","20,999.00",0.11K,2.86%
27-Dec-20,20999.00,"19,330.00","20,999.00","19,330.00",0.15K,8.63%
26-Dec-20,19330.00,"18,850.00","19,330.00","18,850.00",0.10K,2.55%
25-Dec-20,18850.00,"18,600.00","18,850.00","18,600.00",0.07K,1.34%
24-Dec-20,18600.00,"17,700.00","18,600.00","17,600.00",0.08K,5.08%
23-Dec-20,17700.00,"18,950.00","18,950.00","17,700.00",0.04K,-6.60%
22-Dec-20,18950.00,"18,650.00","18,950.00","17,900.00",0.03K,1.61%
21-Dec-20,18650.00,"19,000.00","19,220.00","18,650.00",0.08K,-1.84%
20-Dec-20,19000.00,"19,351.00","19,351.00","19,000.00",0.07K,-1.81%
19-Dec-20,19351.00,"19,400.00","19,590.00","19,351.00",0.05K,-0.25%
18-Dec-20,19400.00,"19,200.00","19,450.00","19,000.00",0.07K,1.04%
17-Dec-20,19200.00,"18,700.00","19,650.00","18,700.00",0.16K,2.67%
16-Dec-20,18700.00,"17,550.00","18,700.00","17,550.00",0.13K,6.55%
15-Dec-20,17550.00,"17,650.00","17,650.00","17,520.00",0.03K,-0.57%
14-Dec-20,17650.00,"17,650.00","17,650.00","17,201.30",0.02K,0.00%
13-Dec-20,17650.00,"16,904.30","17,700.00","16,904.30",0.04K,4.41%
12-Dec-20,16904.30,"16,598.00","16,904.30","16,598.00",0.04K,1.85%
11-Dec-20,16598.00,"17,050.00","17,050.00","16,400.00",0.09K,-2.65%
10-Dec-20,17050.00,"17,300.00","17,300.00","16,614.40",0.03K,-1.45%
9-Dec-20,17300.00,"16,825.50","17,480.00","16,825.50",0.08K,2.82%
8-Dec-20,16825.50,"17,900.00","17,900.00","16,825.50",0.07K,-6.00%
7-Dec-20,17900.00,"17,950.00","18,000.00","17,900.00",0.01K,-0.28%
6-Dec-20,17950.00,"17,758.00","17,950.00","17,758.00",0.02K,1.08%
5-Dec-20,17758.00,"17,508.10","17,800.00","17,508.10",0.03K,1.43%
4-Dec-20,17508.10,"18,300.00","18,300.00","17,508.10",0.04K,-4.33%
3-Dec-20,18300.00,"18,134.20","18,300.00","18,134.20",0.03K,0.91%
2-Dec-20,18134.20,"17,701.00","18,134.20","17,700.00",0.01K,2.45%
1-Dec-20,17701.00,"17,821.70","17,950.00","17,701.00",0.12K,-0.68%
30-Nov-20,17821.70,"17,000.00","17,821.70","17,000.00",0.12K,4.83%
29-Nov-20,17000.00,"16,800.00","17,000.00","16,600.00",0.03K,1.19%
28-Nov-20,16800.00,"15,300.00","16,800.00","15,300.00",0.08K,9.80%
27-Nov-20,15300.00,"15,300.00","15,300.00","15,300.00",0.09K,0.00%
26-Nov-20,15300.00,"17,104.60","17,104.60","15,300.00",0.29K,-10.55%
25-Nov-20,17104.60,"18,350.00","18,350.00","17,104.60",0.11K,-6.79%
24-Nov-20,18350.00,"18,399.00","18,800.00","18,350.00",0.24K,-0.27%
23-Nov-20,18399.00,"17,100.00","18,399.00","17,100.00",0.14K,7.60%
22-Nov-20,17100.00,"16,623.20","17,100.00","16,002.00",0.14K,2.87%
21-Nov-20,16623.20,"15,102.50","16,623.20","15,102.50",0.20K,10.07%
20-Nov-20,15102.50,"14,310.00","15,102.50","14,310.00",0.10K,5.54%
19-Nov-20,14310.00,"14,488.40","14,488.40","14,251.80",0.03K,-1.23%
18-Nov-20,14488.40,"14,409.00","14,496.00","14,409.00",0.23K,0.55%
17-Nov-20,14409.00,"13,989.00","14,409.00","13,989.00",0.10K,3.00%
16-Nov-20,13989.00,"13,540.00","13,989.00","13,540.00",0.02K,3.32%
15-Nov-20,13540.00,"14,099.00","14,099.00","13,540.00",0.08K,-3.96%
14-Nov-20,14099.00,"14,064.90","14,099.00","13,920.00",0.07K,0.24%
13-Nov-20,14064.90,"13,800.00","14,064.90","13,800.00",0.10K,1.92%
12-Nov-20,13800.00,"14,100.00","14,100.00","13,800.00",0.06K,-2.13%
11-Nov-20,14100.00,"13,581.00","14,100.00","13,581.00",0.10K,3.82%
10-Nov-20,13581.00,"13,557.80","13,899.80","13,557.80",0.02K,0.17%
9-Nov-20,13557.80,"14,201.20","14,201.20","13,557.80",0.06K,-4.53%
8-Nov-20,14201.20,"13,570.50","14,201.20","13,408.30",0.05K,4.65%
7-Nov-20,13570.50,"14,149.70","14,149.70","13,191.00",0.07K,-4.09%
6-Nov-20,14149.70,"13,000.00","14,149.70","13,000.00",0.13K,8.84%
5-Nov-20,13000.00,"12,459.00","13,000.00","12,253.00",0.16K,4.34%
4-Nov-20,12459.00,"12,050.00","12,459.00","12,000.00",0.08K,3.39%
3-Nov-20,12050.00,"12,031.30","12,050.00","11,750.00",0.04K,0.16%
2-Nov-20,12031.30,"12,365.00","12,550.00","12,031.30",0.09K,-2.70%
1-Nov-20,12365.00,"12,050.00","12,365.00","12,024.40",0.03K,2.61%
31-Oct-20,12050.00,"12,050.00","12,100.00","12,050.00",0.01K,0.00%
30-Oct-20,12050.00,"12,135.00","12,135.00","12,000.00",0.05K,-0.70%
29-Oct-20,12135.00,"12,243.20","12,379.50","12,135.00",0.03K,-0.88%
28-Oct-20,12243.20,"12,422.80","12,700.00","12,243.20",0.05K,-1.45%
27-Oct-20,12422.80,"12,195.00","12,422.80","12,020.00",0.08K,1.87%
26-Oct-20,12195.00,"12,740.00","12,740.00","12,195.00",0.06K,-4.28%
25-Oct-20,12740.00,"12,749.80","12,749.80","12,740.00",0.09K,-0.08%
24-Oct-20,12749.80,"12,700.30","12,800.00","12,700.30",0.01K,0.39%
23-Oct-20,12700.30,"13,000.00","13,000.00","12,700.30",0.07K,-2.31%
22-Oct-20,13000.00,"12,000.00","13,000.00","12,000.00",0.20K,8.33%
21-Oct-20,12000.00,"11,550.00","12,200.00","11,550.00",0.10K,3.90%
20-Oct-20,11550.00,"11,781.50","11,781.50","11,550.00",0.19K,-1.96%
19-Oct-20,11781.50,"11,693.80","11,825.70","11,689.10",0.22K,0.75%
18-Oct-20,11693.80,"11,533.50","11,714.50","11,533.50",0.19K,1.39%
17-Oct-20,11533.50,"11,467.70","11,533.50","11,467.70",0.16K,0.57%
16-Oct-20,11467.70,"11,782.00","11,782.00","11,467.70",0.21K,-2.67%
15-Oct-20,11782.00,"11,861.00","11,861.00","11,782.00",0.22K,-0.67%
14-Oct-20,11861.00,"11,881.00","11,881.00","11,800.00",0.21K,-0.17%
13-Oct-20,11881.00,"12,057.90","12,057.90","11,881.00",0.24K,-1.47%
12-Oct-20,12057.90,"11,629.60","12,057.90","11,469.30",0.24K,3.68%
11-Oct-20,11629.60,"11,516.00","11,629.60","11,516.00",0.17K,0.99%
10-Oct-20,11516.00,"11,425.10","11,700.80","11,425.10",0.17K,0.80%
9-Oct-20,11425.10,"10,961.60","11,425.10","10,961.60",0.18K,4.23%
8-Oct-20,10961.60,"10,750.00","10,961.60","10,750.00",0.17K,1.97%
7-Oct-20,10750.00,"10,697.90","10,840.20","10,674.50",0.21K,0.49%
6-Oct-20,10697.90,"11,069.80","11,069.80","10,697.90",0.18K,-3.36%
5-Oct-20,11069.80,"11,098.70","11,104.20","11,045.60",0.17K,-0.26%
4-Oct-20,11098.70,"10,975.70","11,098.70","10,975.70",0.18K,1.12%
3-Oct-20,10975.70,"10,969.30","10,979.90","10,969.30",0.20K,0.06%
2-Oct-20,10969.30,"11,256.20","11,256.20","10,900.00",0.24K,-2.55%
1-Oct-20,11256.20,"11,351.30","11,600.00","11,225.20",0.20K,-0.84%
30-Sep-20,11351.30,"11,234.50","11,351.30","11,127.00",0.19K,1.04%
29-Sep-20,11234.50,"11,100.00","11,234.50","11,100.00",0.20K,1.21%
28-Sep-20,11100.00,"11,200.10","11,299.00","11,100.00",0.26K,-0.89%
27-Sep-20,11200.10,"11,173.90","11,200.10","11,024.30",0.20K,0.23%
26-Sep-20,11173.90,"10,950.00","11,173.90","10,950.00",0.17K,2.04%
25-Sep-20,10950.00,"10,965.00","11,250.00","10,902.90",0.26K,-0.14%
24-Sep-20,10965.00,"10,134.60","10,965.00","10,134.60",0.17K,8.19%
23-Sep-20,10134.60,"10,831.30","10,831.30","10,134.60",0.23K,-6.43%
22-Sep-20,10831.30,"10,845.40","10,845.40","10,775.40",0.22K,-0.13%
21-Sep-20,10845.40,"11,658.40","11,658.40","10,845.40",0.28K,-6.97%
20-Sep-20,11658.40,"12,037.60","12,055.20","11,650.00",0.21K,-3.15%
19-Sep-20,12037.60,"12,044.90","12,044.90","12,025.90",0.24K,-0.06%
18-Sep-20,12044.90,"12,050.00","12,120.00","12,044.90",0.08K,-0.04%
17-Sep-20,12050.00,"11,550.00","12,050.00","11,550.00",0.09K,4.33%
16-Sep-20,11550.00,"11,518.30","11,550.00","11,450.00",0.04K,0.28%
15-Sep-20,11518.30,"11,857.80","11,857.80","11,518.30",0.30K,-2.86%
14-Sep-20,11857.80,"11,492.50","11,857.80","11,492.50",0.32K,3.18%
13-Sep-20,11492.50,"11,990.00","12,088.40","11,492.50",0.22K,-4.15%
12-Sep-20,11990.00,"11,702.40","11,990.00","11,617.00",0.31K,2.46%
11-Sep-20,11702.40,"11,545.40","11,702.40","11,397.90",0.34K,1.36%
10-Sep-20,11545.40,"11,105.60","11,545.40","11,105.60",0.24K,3.96%
9-Sep-20,11105.60,"10,682.70","11,105.60","10,682.70",0.35K,3.96%
8-Sep-20,10682.70,"11,015.60","11,015.60","10,682.70",0.36K,-3.02%
7-Sep-20,11015.60,"11,243.00","11,243.00","10,706.00",0.29K,-2.02%
6-Sep-20,11243.00,"10,643.50","11,243.00","10,643.50",0.42K,5.63%
5-Sep-20,10643.50,"12,242.60","12,242.60","10,643.50",0.80K,-13.06%
4-Sep-20,12242.60,"12,250.00","12,600.80","12,242.60",0.48K,-0.06%
3-Sep-20,12250.00,"13,884.20","13,884.20","12,250.00",0.34K,-11.77%
2-Sep-20,13884.20,"14,714.60","14,714.60","13,500.00",0.22K,-5.64%
1-Sep-20,14714.60,"13,354.00","14,714.60","13,354.00",0.35K,10.19%
31-Aug-20,13354.00,"13,207.60","13,354.00","13,037.40",0.28K,1.11%
30-Aug-20,13207.60,"12,421.60","13,207.60","12,421.60",0.29K,6.33%
29-Aug-20,12421.60,"12,275.80","12,430.10","12,275.80",0.35K,1.19%
28-Aug-20,12275.80,"12,019.50","12,275.80","12,019.50",0.34K,2.13%
27-Aug-20,12019.50,"12,130.80","12,130.80","11,984.90",0.33K,-0.92%
26-Aug-20,12130.80,"12,099.00","12,178.80","12,099.00",0.58K,0.26%
25-Aug-20,12099.00,"12,765.50","12,765.50","12,099.00",0.41K,-5.22%
24-Aug-20,12765.50,"12,298.80","12,765.50","12,298.80",0.45K,3.79%
23-Aug-20,12298.80,"12,461.10","12,461.10","12,105.40",0.36K,-1.30%
22-Aug-20,12461.10,"12,146.00","12,461.10","12,146.00",0.41K,2.59%
21-Aug-20,12146.00,"13,052.70","13,052.70","12,146.00",0.51K,-6.95%
20-Aug-20,13052.70,"12,738.00","13,052.70","12,738.00",0.46K,2.47%
19-Aug-20,12738.00,"13,228.30","13,228.30","12,738.00",0.45K,-3.71%
18-Aug-20,13228.30,"13,350.00","13,352.60","13,228.30",0.37K,-0.91%
17-Aug-20,13350.00,"13,293.30","13,350.00","13,180.00",0.64K,0.43%
16-Aug-20,13293.30,"13,393.60","13,393.60","13,210.80",0.51K,-0.75%
15-Aug-20,13393.60,"13,510.40","13,637.50","13,393.60",0.43K,-0.86%
14-Aug-20,13510.40,"12,889.10","13,510.40","12,889.10",0.44K,4.82%
13-Aug-20,12889.10,"12,079.90","12,889.10","12,064.40",0.59K,6.70%
12-Aug-20,12079.90,"11,986.00","12,079.90","11,700.00",0.49K,0.78%
11-Aug-20,11986.00,"12,200.00","12,324.80","11,986.00",0.33K,-1.75%
10-Aug-20,12200.00,"12,172.40","12,312.20","12,172.40",0.40K,0.23%
9-Aug-20,12172.40,"12,230.30","12,339.00","12,172.40",0.44K,-0.47%
8-Aug-20,12230.30,"11,890.20","12,230.30","11,890.00",0.42K,2.86%
7-Aug-20,11890.20,"12,259.90","12,359.20","11,890.20",0.46K,-3.02%
6-Aug-20,12259.90,"12,365.00","12,369.90","12,259.90",0.35K,-0.85%
5-Aug-20,12365.00,"12,165.30","12,365.00","12,160.30",0.68K,1.64%
4-Aug-20,12165.30,"12,091.10","12,299.70","12,091.10",0.71K,0.61%
3-Aug-20,12091.10,"11,812.20","12,100.00","11,812.20",0.87K,2.36%
2-Aug-20,11812.20,"11,948.60","12,000.00","11,812.20",1.61K,-1.14%
1-Aug-20,11948.60,"10,648.40","11,948.60","10,648.40",1.59K,12.21%
31-Jul-20,10648.40,"10,300.00","10,648.40","10,300.00",1.65K,3.38%
30-Jul-20,10300.00,"9,930.00","10,300.00","9,930.00",1.44K,3.73%
29-Jul-20,9930.00,"9,760.00","10,082.50","9,760.00",1.64K,1.74%
28-Jul-20,9760.00,"10,074.30","10,074.30","9,760.00",1.69K,-3.12%
27-Jul-20,10074.30,"9,850.00","10,204.70","9,850.00",1.46K,2.28%
26-Jul-20,9850.00,"9,530.50","10,000.00","9,530.50",1.75K,3.35%
25-Jul-20,9530.50,"8,823.00","9,530.50","8,823.00",1.64K,8.02%
24-Jul-20,8823.00,"8,659.30","8,823.00","8,561.50",1.63K,1.89%
23-Jul-20,8659.30,"8,180.00","8,659.30","8,180.00",1.64K,5.86%
22-Jul-20,8180.00,"7,689.70","8,180.00","7,689.70",1.89K,6.38%
21-Jul-20,7689.70,"7,466.30","7,689.70","7,466.30",1.34K,2.99%
20-Jul-20,7466.30,"7,440.00","7,533.40","7,440.00",1.29K,0.35%
19-Jul-20,7440.00,"7,439.20","7,440.00","7,402.80",1.41K,0.01%
18-Jul-20,7439.20,"7,387.50","7,439.20","7,387.50",1.34K,0.70%
17-Jul-20,7387.50,"7,471.70","7,471.70","7,387.50",1.33K,-1.13%
16-Jul-20,7471.70,"7,519.60","7,519.60","7,358.20",1.55K,-0.64%
15-Jul-20,7519.60,"7,600.00","7,600.00","7,519.60",1.33K,-1.06%
14-Jul-20,7600.00,"7,483.20","7,600.00","7,483.20",1.62K,1.56%
13-Jul-20,7483.20,"7,510.60","7,577.80","7,483.20",1.78K,-0.36%
12-Jul-20,7510.60,"7,474.40","7,510.60","7,459.40",1.79K,0.48%
11-Jul-20,7474.40,"7,539.20","7,539.20","7,474.40",2.05K,-0.86%
10-Jul-20,7539.20,"7,543.10","7,543.10","7,435.00",1.91K,-0.05%
9-Jul-20,7543.10,"7,640.00","7,640.00","7,543.10",1.75K,-1.27%
8-Jul-20,7640.00,"7,427.90","7,640.00","7,427.90",1.68K,2.86%
7-Jul-20,7427.90,"7,400.00","7,427.90","7,349.00",1.97K,0.38%
6-Jul-20,7400.00,"7,121.00","7,400.00","7,083.00",1.71K,3.92%
5-Jul-20,7121.00,"7,163.50","7,193.60","7,019.50",1.93K,-0.59%
4-Jul-20,7163.50,"7,094.80","7,173.80","7,033.00",1.52K,0.97%
3-Jul-20,7094.80,"7,038.00","7,160.00","7,038.00",1.32K,0.81%
2-Jul-20,7038.00,"7,214.00","7,236.70","7,038.00",1.92K,-2.44%
1-Jul-20,7214.00,"7,051.10","7,255.00","7,018.50",1.71K,2.31%
30-Jun-20,7051.10,"7,107.00","7,113.80","6,984.50",1.98K,-0.79%
29-Jun-20,7107.00,"7,043.50","7,107.00","6,940.00",2.04K,0.90%
28-Jun-20,7043.50,"6,919.30","7,085.90","6,855.00",1.68K,1.80%
27-Jun-20,6919.30,"7,182.40","7,203.50","6,850.00",1.93K,-3.66%
26-Jun-20,7182.40,"7,254.70","7,293.00","7,104.80",2.40K,-1.00%
25-Jun-20,7254.70,"7,336.00","7,384.70","7,220.10",2.40K,-1.11%
24-Jun-20,7336.00,"7,512.30","7,699.10","7,278.90",2.22K,-2.35%
23-Jun-20,7512.30,"7,516.30","7,570.00","7,470.00",2.54K,-0.05%
22-Jun-20,7516.30,"7,130.40","7,570.00","7,124.00",1.83K,5.41%
21-Jun-20,7130.40,"7,159.20","7,231.70","7,121.80",1.47K,-0.40%
20-Jun-20,7159.20,"7,160.60","7,224.40","7,080.00",2.13K,-0.02%
19-Jun-20,7160.60,"7,256.40","7,259.00","7,110.10",2.65K,-1.32%
18-Jun-20,7256.40,"7,301.20","7,323.00","7,155.40",1.83K,-0.61%
17-Jun-20,7301.20,"7,345.30","7,350.00","7,176.20",2.24K,-0.60%
16-Jun-20,7345.30,"7,205.60","7,345.30","7,001.00",2.34K,1.94%
15-Jun-20,7205.60,"7,269.50","7,269.50","6,900.00",2.43K,-0.88%
14-Jun-20,7269.50,"7,457.80","7,459.30","7,250.00",1.43K,-2.52%
13-Jun-20,7457.80,"7,468.00","7,476.60","7,370.00",2.18K,-0.14%
12-Jun-20,7468.00,"7,332.40","7,489.80","7,283.30",2.69K,1.85%
11-Jun-20,7332.40,"7,698.00","7,698.00","7,200.00",2.47K,-4.75%
10-Jun-20,7698.00,"7,617.00","7,698.00","7,516.00",1.85K,1.06%
9-Jun-20,7617.00,"7,630.50","7,749.00","7,582.30",2.25K,-0.18%
8-Jun-20,7630.50,"7,660.00","7,700.00","7,560.00",2.01K,-0.39%
7-Jun-20,7660.00,"7,622.80","7,670.00","7,485.70",1.93K,0.49%
6-Jun-20,7622.80,"7,617.90","7,688.00","7,530.00",2.60K,0.06%
5-Jun-20,7617.90,"7,622.00","7,750.00","7,550.00",1.94K,-0.05%
4-Jun-20,7622.00,"7,700.00","7,800.00","7,491.00",2.14K,-1.01%
3-Jun-20,7700.00,"7,588.00","7,700.00","7,400.00",2.14K,1.48%
2-Jun-20,7588.00,"7,566.70","8,000.00","7,305.00",2.31K,0.28%
1-Jun-20,7566.70,"7,200.00","7,685.00","7,200.00",2.56K,5.09%
31-May-20,7200.00,"7,550.00","7,700.00","7,200.00",2.28K,-4.64%
30-May-20,7550.00,"6,950.40","7,550.00","6,881.00",2.31K,8.63%
29-May-20,6950.40,"6,900.00","7,007.20","6,800.10",2.53K,0.73%
28-May-20,6900.00,"6,598.90","6,900.00","6,500.00",2.44K,4.56%
27-May-20,6598.90,"6,500.00","6,599.90","6,380.00",2.45K,1.52%
26-May-20,6500.00,"6,500.00","6,546.00","6,300.00",2.31K,0.00%
25-May-20,6500.00,"6,405.90","6,550.00","6,405.90",2.77K,1.47%
24-May-20,6405.90,"6,550.00","6,683.00","6,402.40",1.89K,-2.20%
23-May-20,6550.00,"6,601.00","6,750.00","6,500.00",2.51K,-0.77%
22-May-20,6601.00,"6,196.00","6,689.00","6,196.00",2.69K,6.54%
21-May-20,6196.00,"6,692.00","6,755.00","6,196.00",2.91K,-7.41%
20-May-20,6692.00,"6,798.00","6,798.00","6,324.00",3.14K,-1.56%
19-May-20,6798.00,"6,703.00","6,800.00","6,630.00",2.34K,1.42%
18-May-20,6703.00,"6,600.00","6,800.00","6,520.00",2.70K,1.56%
17-May-20,6600.00,"6,380.00","6,600.00","6,302.00",2.32K,3.45%
16-May-20,6380.00,"6,251.00","6,460.00","6,100.00",2.61K,2.06%
15-May-20,6251.00,"6,275.00","6,500.00","6,200.00",2.68K,-0.38%
14-May-20,6275.00,"6,200.00","6,500.00","6,200.00",2.91K,1.21%
13-May-20,6200.00,"6,111.70","6,350.00","6,069.00",2.76K,1.45%
12-May-20,6111.70,"6,069.00","6,185.00","5,889.00",3.20K,0.70%
11-May-20,6069.00,"6,120.00","6,275.00","5,889.00",3.05K,-0.83%
10-May-20,6120.00,"6,677.00","6,677.00","6,000.00",3.40K,-8.34%
9-May-20,6677.00,"6,820.00","6,940.00","6,666.10",2.62K,-2.10%
8-May-20,6820.00,"6,789.00","6,895.00","6,515.00",2.93K,0.46%
7-May-20,6789.00,"6,600.00","6,789.00","6,500.00",2.73K,2.86%
6-May-20,6600.00,"6,700.00","6,800.00","6,550.00",2.40K,-1.49%
5-May-20,6700.00,"6,600.20","6,848.90","6,500.00",2.46K,-1.15%
4-May-20,6778.00,"6,886.40","6,886.40","6,419.00",2.41K,-1.57%
3-May-20,6886.40,"6,900.00","7,020.00","6,740.00",2.42K,-0.20%
2-May-20,6900.00,"6,950.00","6,979.40","6,800.00",2.24K,-0.72%
1-May-20,6950.00,"6,745.70","7,098.00","6,686.10",2.55K,3.03%
30-Apr-20,6745.70,"7,095.90","7,309.90","6,600.00",3.66K,-4.97%
29-Apr-20,7098.30,"6,390.00","7,109.70","6,314.00",1.98K,11.08%
28-Apr-20,6390.00,"6,262.00","6,398.00","6,257.30",2.27K,2.04%
27-Apr-20,6262.00,"6,230.80","6,430.00","6,210.30",1.99K,0.50%
26-Apr-20,6230.80,"6,050.00","6,400.00","6,050.00",1.58K,2.99%
25-Apr-20,6050.00,"6,020.00","6,388.80","5,960.70",1.89K,0.50%
24-Apr-20,6020.00,"6,000.00","6,138.00","5,952.10",2.87K,0.33%
23-Apr-20,6000.00,"5,999.00","6,100.00","5,850.00",5.14K,0.02%
22-Apr-20,5999.00,"5,697.90","5,999.00","5,600.00",1.81K,5.28%
21-Apr-20,5697.90,"5,840.00","5,840.00","5,520.00",3.32K,-2.43%
20-Apr-20,5840.00,"5,800.00","6,000.00","5,560.00",1.79K,-2.46%
19-Apr-20,5987.10,"6,000.00","6,299.00","5,800.00",2.69K,-0.21%
18-Apr-20,6000.00,"5,600.00","6,050.00","5,565.20",2.04K,7.14%
17-Apr-20,5600.00,"5,648.00","5,650.00","5,452.00",2.87K,-0.85%
16-Apr-20,5648.00,"5,110.00","5,650.00","5,001.00",4.70K,9.67%
15-Apr-20,5150.00,"5,300.00","5,347.00","5,140.00",2.84K,-2.83%
14-Apr-20,5300.00,"5,207.00","5,300.00","5,100.00",3.40K,1.79%
13-Apr-20,5207.00,"5,548.40","5,548.40","5,010.10",4.66K,-6.15%
12-Apr-20,5548.40,"5,136.20","5,548.40","5,136.20",2.64K,8.02%
11-Apr-20,5136.20,"5,131.80","5,598.20","5,131.80",1.73K,0.09%
10-Apr-20,5131.80,"5,698.00","5,698.00","5,000.00",2.60K,-9.94%
9-Apr-20,5698.00,"5,650.00","5,740.00","5,550.00",2.41K,0.85%
8-Apr-20,5650.00,"5,450.00","5,749.90","5,400.10",3.49K,3.67%
7-Apr-20,5450.00,"5,600.00","5,800.00","5,200.10",3.26K,-2.68%
6-Apr-20,5600.00,"4,749.90","5,600.00","4,625.00",1.43K,19.79%
5-Apr-20,4675.00,"4,750.00","4,964.80","4,502.00",0.61K,-1.58%
4-Apr-20,4750.00,"4,500.30","4,800.00","4,500.30",1.28K,5.55%
3-Apr-20,4500.30,"4,600.00","4,968.90","4,500.30",1.28K,-2.17%
2-Apr-20,4600.00,"4,433.00","4,700.00","4,289.10",0.91K,3.77%
1-Apr-20,4433.00,"4,350.10","4,433.00","4,200.10",1.51K,1.91%
31-Mar-20,4350.10,"4,400.00","4,449.80","4,300.00",0.59K,-1.13%
30-Mar-20,4400.00,"4,170.10","4,449.80","4,170.10",0.34K,4.07%
29-Mar-20,4228.00,"4,584.90","4,584.90","4,200.20",0.50K,-7.78%
28-Mar-20,4584.90,"4,450.10","4,598.90","4,150.10",0.62K,3.03%
27-Mar-20,4450.10,"4,599.90","4,599.90","4,450.00",0.37K,0.00%
26-Mar-20,4450.00,"4,599.80","4,599.90","4,450.00",0.44K,-3.26%
25-Mar-20,4599.80,"4,501.00","4,650.00","4,450.00",0.85K,2.20%
24-Mar-20,4501.00,"4,350.00","4,650.00","4,300.00",0.88K,3.47%
23-Mar-20,4350.00,"4,100.00","4,498.00","4,080.10",0.65K,6.10%
22-Mar-20,4100.00,"4,201.10","4,589.60","4,100.00",0.67K,-2.41%
21-Mar-20,4201.10,"4,755.00","4,755.00","4,200.00",0.95K,-11.65%
20-Mar-20,4755.00,"4,500.00","5,000.00","4,200.00",1.05K,5.67%
19-Mar-20,4500.00,"3,850.00","4,500.00","3,802.00",1.00K,16.88%
18-Mar-20,3850.00,"3,780.00","3,927.00","3,651.00",0.72K,1.85%
17-Mar-20,3780.00,"3,700.00","3,950.00","3,650.00",1.07K,2.16%
16-Mar-20,3700.00,"4,099.00","4,300.00","3,554.00",0.34K,-9.73%
15-Mar-20,4099.00,"4,100.00","4,500.00","4,005.00",0.70K,-0.02%
14-Mar-20,4100.00,"4,150.00","4,868.80","4,100.00",0.58K,-1.20%
13-Mar-20,4150.00,"3,800.00","5,000.00","3,800.00",0.32K,9.21%
12-Mar-20,3800.00,"6,000.00","6,400.00","3,800.00",0.51K,-36.67%
11-Mar-20,6000.00,"6,500.00","6,599.00","6,000.00",0.27K,-7.69%
10-Mar-20,6500.00,"6,126.00","6,799.00","6,126.00",0.17K,6.11%
9-Mar-20,6126.00,"6,500.00","7,200.00","6,125.00",0.21K,-5.75%
8-Mar-20,6500.00,"7,450.00","7,600.00","6,401.00",0.33K,-12.75%
7-Mar-20,7450.00,"7,580.00","7,800.00","7,450.00",0.09K,-1.72%
6-Mar-20,7580.00,"7,100.00","7,580.00","7,100.00",0.08K,6.76%
5-Mar-20,7100.00,"6,970.00","7,350.00","6,970.00",0.02K,1.87%
4-Mar-20,6970.00,"6,920.00","7,400.00","6,920.00",0.14K,0.72%
3-Mar-20,6920.00,"7,180.00","7,400.00","6,920.00",0.07K,-3.62%
2-Mar-20,7180.00,"6,800.00","7,400.00","6,800.00",0.07K,5.59%
1-Mar-20,6800.00,"7,199.00","7,199.00","6,800.00",0.04K,-5.54%
29-Feb-20,7199.00,"6,901.00","7,400.00","6,901.00",0.01K,4.32%
28-Feb-20,6901.00,"7,361.00","7,600.00","6,900.00",0.09K,-6.25%
27-Feb-20,7361.00,"7,399.00","7,600.00","6,877.00",0.12K,-0.51%
26-Feb-20,7399.00,"8,283.00","8,283.00","7,001.00",0.12K,-10.67%
25-Feb-20,8283.00,"8,400.00","8,400.00","8,000.00",0.06K,-1.39%
24-Feb-20,8400.00,"8,500.00","8,550.00","8,180.00",0.03K,-1.18%
23-Feb-20,8500.00,"8,150.00","8,500.00","8,150.00",0.07K,4.29%
22-Feb-20,8150.00,"8,399.00","8,399.00","8,003.00",0.04K,-2.96%
21-Feb-20,8399.00,"8,150.00","8,400.00","7,900.00",0.03K,3.06%
20-Feb-20,8150.00,"8,302.00","8,590.00","7,811.00",0.08K,-1.83%
19-Feb-20,8302.00,"8,800.00","8,800.00","8,300.00",0.05K,-5.66%
18-Feb-20,8800.00,"8,200.00","8,800.00","7,800.00",0.13K,7.32%
17-Feb-20,8200.00,"8,300.00","8,300.00","7,501.00",0.07K,-1.20%
16-Feb-20,8300.00,"8,200.00","8,500.00","7,500.00",0.04K,1.22%
15-Feb-20,8200.00,"8,700.00","8,849.00","8,200.00",0.07K,-5.75%
14-Feb-20,8700.00,"8,300.00","8,700.00","8,000.00",0.07K,4.82%
13-Feb-20,8300.00,"8,400.00","8,599.00","8,000.00",0.10K,-1.19%
12-Feb-20,8400.00,"7,275.00","8,400.00","7,218.00",0.11K,15.46%
11-Feb-20,7275.00,"6,840.00","7,275.00","6,691.00",0.07K,6.36%
10-Feb-20,6840.00,"7,100.00","7,100.00","6,602.00",0.05K,-3.92%
9-Feb-20,7119.00,"6,900.10","7,119.00","6,900.10",0.08K,3.17%
8-Feb-20,6900.10,"6,820.00","6,998.00","6,600.00",0.09K,1.17%
7-Feb-20,6820.00,"6,599.00","6,900.00","6,500.00",0.09K,4.92%
6-Feb-20,6500.00,"6,100.00","6,600.00","6,100.00",0.08K,6.56%
5-Feb-20,6100.00,"5,709.90","6,100.00","5,709.90",0.09K,6.83%
4-Feb-20,5709.90,"5,720.00","5,840.00","5,600.00",0.05K,-0.18%
3-Feb-20,5720.00,"5,700.00","5,900.00","5,700.00",0.13K,0.35%
2-Feb-20,5700.00,"5,500.00","5,850.00","5,479.00",0.09K,3.64%
1-Feb-20,5500.00,"5,419.00","5,600.00","5,419.00",0.04K,1.49%
31-Jan-20,5419.00,"5,600.00","5,649.00","5,400.00",0.08K,-3.23%
30-Jan-20,5600.00,"5,251.00","5,600.00","5,250.00",0.07K,6.65%
29-Jan-20,5251.00,"5,200.00","5,400.00","5,180.00",0.03K,0.98%
28-Jan-20,5200.00,"5,180.00","5,300.00","5,049.00",0.05K,0.39%
27-Jan-20,5180.00,"5,050.00","5,198.00","4,950.00",0.05K,2.47%
26-Jan-20,5055.00,"4,949.00","5,055.00","4,750.00",0.05K,2.12%
25-Jan-20,4950.00,"4,950.00","4,950.00","4,750.00",0.03K,0.00%
24-Jan-20,4950.00,"4,800.10","4,950.00","4,750.00",0.04K,3.12%
23-Jan-20,4800.10,"5,008.90","5,100.00","4,800.10",0.04K,-4.17%
22-Jan-20,5008.90,"5,148.00","5,148.00","5,000.00",0.05K,-2.70%
21-Jan-20,5148.00,"5,000.00","5,200.00","4,985.00",0.04K,2.96%
20-Jan-20,5000.00,"5,099.00","5,100.00","4,900.00",0.03K,-1.94%
19-Jan-20,5099.00,"5,298.00","5,395.00","4,808.00",0.06K,-3.76%
18-Jan-20,5298.00,"5,150.00","5,300.00","5,000.00",0.13K,2.87%
17-Jan-20,5150.00,"4,900.00","5,194.00","4,803.00",0.07K,5.10%
16-Jan-20,4900.00,"4,900.00","4,929.00","4,601.00",0.03K,0.00%
15-Jan-20,4900.00,"4,950.00","5,050.00","4,452.00",0.02K,-1.01%
14-Jan-20,4950.00,"4,260.00","5,000.00","4,260.00",0.05K,16.20%
13-Jan-20,4260.00,"4,275.00","4,325.00","4,250.00",0.03K,-0.35%
12-Jan-20,4275.00,"4,439.00","4,439.00","4,250.00",0.01K,-3.69%
11-Jan-20,4439.00,"4,315.00","4,439.00","4,200.00",0.03K,2.87%
10-Jan-20,4315.00,"4,105.00","4,315.00","4,105.00",0.02K,5.12%
9-Jan-20,4105.00,"4,202.20","4,400.00","4,105.00",0.04K,-2.31%
8-Jan-20,4202.20,"4,295.00","4,439.00","4,109.00",0.07K,-2.16%
7-Jan-20,4295.00,"4,269.00","4,300.00","4,105.00",0.05K,0.61%
6-Jan-20,4269.00,"4,000.00","4,269.00","3,960.00",0.02K,6.73%
5-Jan-20,4000.00,"3,950.00","4,195.00","3,950.00",0.05K,1.27%
4-Jan-20,3950.00,"3,880.00","4,100.00","3,880.00",0.05K,1.80%
3-Jan-20,3880.00,"3,810.00","4,055.00","3,770.00",0.06K,1.84%
2-Jan-20,3810.00,"3,859.00","3,949.00","3,810.00",0.03K,-1.27%
1-Jan-20,3859.00,"3,835.00","3,999.00","3,835.00",0.05K,0.63%
31-Dec-19,3835.00,"3,887.00","4,055.00","3,835.00",0.03K,-1.34%
30-Dec-19,3887.00,"4,100.00","4,100.00","3,887.00",0.04K,-5.20%
29-Dec-19,4100.00,"3,880.00","4,101.00","3,825.00",0.06K,5.67%
28-Dec-19,3880.00,"3,721.00","3,885.00","3,721.00",0.02K,4.27%
27-Dec-19,3721.00,"3,890.00","3,890.00","3,707.00",0.02K,-4.34%
26-Dec-19,3890.00,"3,792.00","3,940.00","3,701.00",0.01K,2.58%
25-Dec-19,3792.00,"3,792.00","3,792.00","3,700.00",0.02K,0.00%
24-Dec-19,3792.00,"3,900.00","3,900.00","3,700.00",0.02K,-2.77%
23-Dec-19,3900.00,"3,950.00","4,258.00","3,850.00",0.01K,-1.27%
22-Dec-19,3950.00,"3,810.00","3,950.00","3,749.00",0.06K,3.67%
21-Dec-19,3810.00,"3,877.00","4,188.00","3,810.00",0.01K,-1.73%
20-Dec-19,3877.00,"3,877.00","3,877.00","3,720.90",0.02K,0.00%
19-Dec-19,3877.00,"3,701.00","3,900.00","3,701.00",0.03K,4.76%
18-Dec-19,3701.00,"3,711.00","3,899.00","3,600.00",0.05K,-0.27%
17-Dec-19,3711.00,"4,298.00","4,298.00","3,711.00",0.08K,-7.29%
16-Dec-19,4003.00,"4,200.00","4,310.00","4,003.00",0.01K,-4.69%
15-Dec-19,4200.00,"4,400.00","4,400.00","4,200.00",0.15K,-4.55%
14-Dec-19,4400.00,"4,311.00","4,439.00","4,201.00",0.10K,2.06%
13-Dec-19,4311.00,"4,351.00","4,449.00","4,311.00",0.02K,-2.02%
12-Dec-19,4400.00,"4,300.00","4,450.00","4,300.00",0.02K,2.33%
11-Dec-19,4300.00,"4,380.00","4,550.00","4,300.00",0.03K,-1.83%
10-Dec-19,4380.00,"4,555.00","4,555.00","4,353.00",0.02K,-3.84%
9-Dec-19,4555.00,"4,599.00","4,599.00","4,451.00",0.08K,-0.96%
8-Dec-19,4599.00,"4,352.00","4,599.00","4,352.00",0.02K,5.68%
7-Dec-19,4352.00,"4,500.00","4,520.00","4,345.00",0.01K,-3.29%
6-Dec-19,4500.00,"4,499.00","4,530.00","4,301.00",0.04K,1.12%
5-Dec-19,4450.00,"4,599.00","4,599.00","4,300.10",0.03K,-3.24%
4-Dec-19,4599.00,"4,550.00","4,600.00","4,300.00",0.02K,1.08%
3-Dec-19,4550.00,"4,505.00","4,700.00","4,451.00",0.01K,1.00%
2-Dec-19,4505.00,"4,550.00","4,700.00","4,500.00",0.05K,-0.99%
1-Dec-19,4550.00,"4,800.00","4,820.00","4,501.00",0.03K,-5.21%
30-Nov-19,4800.00,"4,850.00","5,000.00","4,800.00",0.12K,-1.03%
29-Nov-19,4850.00,"4,659.00","4,980.00","4,659.00",0.05K,4.10%
28-Nov-19,4659.00,"4,500.00","4,800.00","4,500.00",0.04K,-0.85%
27-Nov-19,4699.00,"4,545.00","4,699.00","4,390.00",0.06K,3.39%
26-Nov-19,4545.00,"4,640.00","4,640.00","4,410.00",0.01K,-2.05%
25-Nov-19,4640.00,"4,413.00","4,640.00","4,050.00",0.09K,3.11%
24-Nov-19,4500.00,"4,571.00","4,900.00","4,500.00",0.02K,-1.55%
23-Nov-19,4571.00,"4,700.00","4,799.00","4,351.00",0.02K,-2.74%
22-Nov-19,4700.00,"4,850.00","4,998.00","4,102.00",0.04K,-3.09%
21-Nov-19,4850.00,"5,215.00","5,360.00","4,850.00",0.08K,-7.00%
20-Nov-19,5215.00,"5,400.00","5,400.00","5,210.00",0.02K,-3.43%
19-Nov-19,5400.00,"5,420.00","5,420.00","5,250.00",0.04K,-0.37%
18-Nov-19,5420.00,"5,501.00","5,590.00","5,420.00",0.02K,-1.47%
17-Nov-19,5501.00,"5,499.00","5,590.00","5,400.00",0.02K,0.04%
16-Nov-19,5499.00,"5,600.00","5,600.00","5,351.00",0.03K,0.16%
15-Nov-19,5490.00,"5,605.00","5,730.00","5,490.00",0.09K,-2.05%
14-Nov-19,5605.00,"5,699.00","5,750.00","5,550.00",0.08K,-1.65%
13-Nov-19,5699.00,"5,599.00","5,700.00","5,525.00",0.04K,3.15%
12-Nov-19,5525.00,"5,578.00","5,705.00","5,523.00",0.09K,-0.95%
11-Nov-19,5578.00,"5,720.00","5,720.00","5,575.00",0.06K,-1.71%
10-Nov-19,5675.00,"5,574.00","5,700.00","5,502.00",0.10K,1.81%
9-Nov-19,5574.00,"5,516.00","5,600.00","5,501.00",0.03K,1.05%
8-Nov-19,5516.00,"5,501.00","5,677.00","5,501.00",0.04K,0.27%
7-Nov-19,5501.00,"5,601.00","5,700.00","5,500.00",0.03K,-1.63%
6-Nov-19,5592.10,"5,505.00","5,800.00","5,500.00",0.04K,1.67%
5-Nov-19,5500.00,"5,530.00","5,600.00","5,401.00",0.10K,-0.54%
4-Nov-19,5530.00,"5,400.00","5,590.00","5,354.00",0.12K,3.27%
3-Nov-19,5355.00,"5,426.00","5,500.00","5,305.00",0.05K,-1.29%
2-Nov-19,5425.00,"5,445.00","5,560.00","5,400.00",0.02K,-2.43%
1-Nov-19,5560.00,"5,555.00","5,596.00","5,401.00",0.04K,1.09%
31-Oct-19,5500.00,"5,350.00","5,598.00","5,350.00",0.04K,2.80%
30-Oct-19,5350.00,"5,500.00","5,678.00","5,350.00",0.09K,-2.73%
29-Oct-19,5500.00,"5,400.00","5,650.00","5,305.00",0.05K,-1.24%
28-Oct-19,5569.00,"5,450.00","5,600.00","5,250.00",0.05K,2.18%
27-Oct-19,5450.00,"5,250.00","5,600.00","5,200.00",0.21K,1.87%
26-Oct-19,5350.00,"5,384.60","5,686.90","5,150.00",0.07K,-0.69%
25-Oct-19,5387.10,"4,914.30","5,502.10","4,905.30",0.14K,9.60%
24-Oct-19,4915.40,"4,800.00","5,100.00","4,571.00",0.09K,2.40%
23-Oct-19,4800.00,"5,250.00","5,260.00","4,800.00",0.14K,-8.01%
22-Oct-19,5218.00,"5,215.00","5,316.00","5,215.00",0.03K,0.06%
21-Oct-19,5215.00,"5,256.00","5,300.00","5,155.50",0.03K,-0.78%
20-Oct-19,5256.00,"5,200.00","5,318.00","5,138.00",0.03K,1.08%
19-Oct-19,5200.00,"5,343.00","5,344.00","5,200.00",0.03K,-2.69%
18-Oct-19,5344.00,"5,400.00","5,400.00","5,201.00",0.04K,-1.04%
17-Oct-19,5400.00,"5,520.00","5,520.00","5,200.00",0.04K,-2.17%
16-Oct-19,5520.00,"5,595.00","5,595.00","5,295.00",0.07K,-1.34%
15-Oct-19,5595.00,"5,505.00","5,601.00","5,505.00",0.07K,1.63%
14-Oct-19,5505.00,"5,520.00","5,690.00","5,499.00",0.03K,-0.27%
13-Oct-19,5520.00,"5,528.00","5,698.00","5,400.00",0.02K,-0.14%
12-Oct-19,5528.00,"5,522.00","5,740.00","5,522.00",0.01K,0.11%
11-Oct-19,5522.00,"5,750.00","5,750.00","5,522.00",0.05K,-3.97%
10-Oct-19,5750.00,"5,522.00","5,804.00","5,522.00",0.08K,4.13%
9-Oct-19,5522.00,"5,400.00","5,810.00","5,300.00",0.08K,2.26%
8-Oct-19,5400.00,"5,448.00","5,600.00","5,253.00",0.14K,-0.88%
7-Oct-19,5448.00,"5,260.00","5,448.00","5,150.00",0.10K,2.79%
6-Oct-19,5300.00,"5,250.00","5,350.00","5,250.00",0.01K,0.95%
5-Oct-19,5250.00,"5,230.00","5,440.00","5,230.00",0.02K,0.38%
4-Oct-19,5230.00,"5,250.00","5,498.00","5,201.00",0.07K,-0.38%
3-Oct-19,5250.00,"5,500.00","5,500.00","5,250.00",0.12K,-4.55%
2-Oct-19,5500.00,"5,400.10","5,500.00","5,350.00",0.05K,1.85%
1-Oct-19,5400.10,"5,331.00","5,700.00","5,331.00",0.08K,-0.69%
30-Sep-19,5437.60,"5,150.00","5,500.00","5,150.00",0.30K,5.58%
29-Sep-19,5150.00,"5,450.00","5,450.00","5,150.00",0.22K,-5.50%
28-Sep-19,5450.00,"5,454.00","5,454.00","5,200.00",0.24K,-0.07%
27-Sep-19,5454.00,"5,088.00","5,500.00","5,050.00",0.55K,7.19%
26-Sep-19,5088.00,"5,350.00","5,350.00","4,700.00",0.30K,-4.90%
25-Sep-19,5350.00,"5,150.00","5,500.00","5,150.00",0.25K,3.88%
24-Sep-19,5150.00,"6,200.00","6,390.00","5,150.00",0.34K,-19.41%
23-Sep-19,6390.00,"6,200.00","6,488.00","6,200.00",0.25K,3.06%
22-Sep-19,6200.00,"6,630.00","6,630.00","6,200.00",0.27K,-6.06%
21-Sep-19,6600.00,"6,666.00","6,666.00","6,540.00",0.24K,-0.99%
20-Sep-19,6666.00,"6,699.00","6,800.00","6,501.00",0.22K,-0.49%
19-Sep-19,6699.00,"6,499.00","6,700.00","6,101.00",0.27K,7.48%
18-Sep-19,6232.50,"6,099.00","6,580.00","6,000.00",0.35K,2.19%
17-Sep-19,6099.00,"5,950.00","6,350.00","5,705.00",0.32K,2.50%
16-Sep-19,5950.00,"5,600.00","5,950.00","5,600.00",0.36K,6.25%
15-Sep-19,5600.00,"5,440.00","5,800.00","5,440.00",0.39K,0.00%
14-Sep-19,5600.00,"5,340.00","5,600.00","5,332.00",0.44K,2.85%
13-Sep-19,5445.00,"5,334.00","5,480.00","5,332.00",0.38K,-0.64%
12-Sep-19,5480.00,"5,500.00","5,559.00","5,330.00",0.39K,-0.36%
11-Sep-19,5500.00,"5,589.00","5,589.00","5,232.00",0.42K,-1.59%
10-Sep-19,5589.00,"5,690.00","5,690.00","5,218.00",0.38K,-1.78%
9-Sep-19,5690.00,"5,360.00","5,956.00","5,336.00",0.41K,-4.47%
8-Sep-19,5956.00,"5,380.00","5,956.00","5,149.20",0.44K,10.71%
7-Sep-19,5380.00,"5,151.00","5,380.00","5,149.00",0.39K,4.45%
6-Sep-19,5151.00,"5,192.10","325,000.00","5,134.80",0.49K,-0.96%
5-Sep-19,5200.90,"5,255.50","5,261.70","5,118.10",0.63K,-1.16%
4-Sep-19,5261.70,"5,200.00","5,300.00","4,854.10",0.48K,1.19%
3-Sep-19,5200.00,"4,730.80","5,250.00","4,500.00",0.35K,9.92%
2-Sep-19,4730.80,"5,314.00","5,314.00","4,729.20",0.38K,-10.56%
1-Sep-19,5289.60,"5,229.50","5,377.30","5,226.10",0.40K,1.15%
31-Aug-19,5229.50,"5,228.80","5,235.10","5,171.60",0.40K,0.06%
30-Aug-19,5226.30,"5,241.40","5,283.10","5,173.10",0.40K,-0.34%
29-Aug-19,5244.20,"5,378.00","5,378.00","5,173.90",0.40K,-2.38%
28-Aug-19,5371.80,"5,733.70","5,785.10","5,306.90",0.40K,-6.37%
27-Aug-19,5737.20,"5,789.70","5,797.90","5,722.00",0.40K,-0.99%
26-Aug-19,5794.30,"5,785.20","5,868.40","5,781.10",0.40K,0.22%
25-Aug-19,5781.50,"5,888.40","5,897.20","5,704.80",0.40K,-1.85%
24-Aug-19,5890.40,"5,912.00","5,912.00","5,811.20",0.40K,-0.27%
23-Aug-19,5906.50,"5,938.90","5,938.90","5,873.20",0.40K,-0.28%
22-Aug-19,5923.40,"5,811.80","6,049.80","5,679.80",0.40K,2.15%
21-Aug-19,5798.50,"6,022.40","6,022.40","5,656.60",0.42K,-3.72%
20-Aug-19,6022.40,"6,080.00","6,080.00","5,448.60",0.38K,-0.95%
19-Aug-19,6080.00,"5,943.50","6,189.80","5,924.10",0.38K,2.38%
18-Aug-19,5938.60,"5,745.80","6,060.40","5,731.30",0.39K,3.34%
17-Aug-19,5746.80,"5,750.50","5,859.80","5,726.60",0.61K,-0.23%
16-Aug-19,5760.10,"5,847.00","5,847.00","5,630.90",0.88K,-1.28%
15-Aug-19,5835.00,"5,794.80","5,888.80","5,674.00",0.81K,0.42%
14-Aug-19,5810.80,"6,509.90","6,511.60","5,794.80",0.83K,-10.48%
13-Aug-19,6490.80,"6,551.10","6,611.60","6,394.40",0.89K,-0.92%
12-Aug-19,6551.20,"6,520.90","6,692.20","6,520.90",0.88K,-2.11%
11-Aug-19,6692.20,"6,415.70","6,692.20","6,393.80",0.77K,4.31%
10-Aug-19,6415.70,"6,498.70","6,639.20","6,305.90",0.89K,-1.28%
9-Aug-19,6498.70,"6,845.00","6,849.70","6,451.80",0.83K,-5.10%
8-Aug-19,6847.80,"6,892.10","6,938.60","6,718.50",0.84K,-0.34%
7-Aug-19,6871.00,"6,892.20","6,943.10","6,797.10",0.59K,-0.04%
6-Aug-19,6874.00,"6,995.70","6,995.70","6,283.70",0.43K,-1.74%
5-Aug-19,6995.70,"6,818.40","6,995.70","6,779.70",0.55K,2.62%
4-Aug-19,6817.20,"6,788.80","6,877.60","6,744.90",0.82K,0.42%
3-Aug-19,6788.80,"6,684.70","6,792.50","6,667.90",0.60K,1.48%
2-Aug-19,6689.90,"6,646.60","6,695.90","6,639.80",0.71K,0.65%
1-Aug-19,6646.60,"6,774.80","6,774.80","6,400.00",0.86K,-1.86%
31-Jul-19,6772.40,"6,502.70","6,774.80","6,502.70",0.83K,4.15%
30-Jul-19,6502.70,"6,597.50","6,622.70","6,416.00",0.84K,-1.35%
29-Jul-19,6591.40,"6,566.80","6,660.70","6,510.00",0.81K,0.38%
28-Jul-19,6566.80,"6,442.00","6,869.90","6,442.00",0.47K,1.94%
27-Jul-19,6442.00,"6,754.00","6,874.90","6,421.80",0.76K,-4.66%
26-Jul-19,6757.30,"6,812.40","6,815.30","6,638.70",0.87K,-0.81%
25-Jul-19,6812.40,"6,763.40","6,908.90","6,698.00",0.85K,0.93%
24-Jul-19,6749.50,"6,713.30","6,763.40","6,429.60",0.56K,0.45%
23-Jul-19,6719.10,"6,748.50","6,800.00","6,711.70",0.59K,-0.43%
22-Jul-19,6748.50,"7,013.70","7,067.30","6,740.50",0.77K,-3.70%
21-Jul-19,7007.50,"7,144.60","7,145.00","6,774.70",0.64K,-1.89%
20-Jul-19,7142.60,"6,756.10","7,144.60","6,735.80",0.51K,5.72%
19-Jul-19,6756.10,"7,033.50","7,041.50","6,735.80",0.64K,-4.05%
18-Jul-19,7041.50,"6,500.50","7,041.50","6,424.50",0.59K,8.32%
17-Jul-19,6500.50,"6,526.70","6,754.30","6,104.80",0.85K,-0.40%
16-Jul-19,6526.70,"7,124.70","7,226.20","6,526.70",0.75K,-8.88%
15-Jul-19,7163.00,"7,983.00","7,983.00","6,858.90",0.70K,-10.27%
14-Jul-19,7983.00,"8,451.70","8,476.20","7,983.00",0.62K,-5.55%
13-Jul-19,8452.00,"8,554.10","8,567.90","8,434.40",0.69K,-1.13%
12-Jul-19,8549.00,"8,437.00","8,571.10","8,412.60",0.74K,1.29%
11-Jul-19,8439.90,"8,956.40","8,967.20","8,368.60",0.78K,-5.88%
10-Jul-19,8967.20,"9,542.20","9,722.60","8,818.40",0.77K,-5.88%
9-Jul-19,9527.90,"9,662.50","9,801.80","9,403.50",0.89K,-1.70%
8-Jul-19,9693.10,"9,247.90","9,697.00","9,245.80",0.87K,4.83%
7-Jul-19,9246.90,"8,938.40","9,249.90","8,650.00",0.71K,3.58%
6-Jul-19,8927.20,"8,911.10","9,177.90","8,869.40",0.88K,-0.11%
5-Jul-19,8937.10,"8,910.80","9,118.30","8,772.70",0.87K,0.25%
4-Jul-19,8914.70,"9,240.00","9,246.10","8,910.80",0.88K,-3.51%
3-Jul-19,9239.30,"9,006.80","9,241.40","9,006.80",0.89K,2.36%
2-Jul-19,9025.80,"9,170.00","9,206.30","8,481.20",0.88K,-1.48%
1-Jul-19,9161.50,"9,525.30","9,525.30","8,735.50",0.67K,-3.82%
30-Jun-19,9525.30,"9,784.60","10,157.10","9,500.00",0.70K,-2.68%
29-Jun-19,9787.50,"9,646.30","9,800.00","9,600.00",0.68K,1.59%
28-Jun-19,9634.50,"9,212.60","9,686.80","9,165.10",0.88K,5.12%
27-Jun-19,9165.10,"10,768.40","10,768.40","9,007.80",0.71K,-14.89%
26-Jun-19,10768.40,"9,831.50","10,768.40","9,818.70",0.57K,9.43%
25-Jun-19,9840.20,"9,635.10","9,856.80","9,609.20",0.80K,2.04%
24-Jun-19,9643.60,"9,714.90","9,732.10","9,508.70",0.69K,-0.73%
23-Jun-19,9714.90,"9,742.50","9,856.50","9,525.80",0.42K,-0.24%
22-Jun-19,9738.50,"9,280.20","9,863.40","9,233.20",0.65K,5.27%
21-Jun-19,9251.00,"8,483.70","9,280.20","8,483.70",0.56K,8.93%
20-Jun-19,8492.30,"8,454.30","8,514.40","8,396.30",0.71K,0.35%
19-Jun-19,8463.10,"8,337.70","8,476.10","8,326.60",0.80K,1.64%
18-Jun-19,8326.60,"8,407.30","8,408.10","8,258.40",0.86K,-0.96%
17-Jun-19,8407.30,"8,486.20","8,492.60","8,398.10",0.80K,-0.72%
16-Jun-19,8468.00,"8,261.40","8,497.00","8,204.20",0.62K,2.45%
15-Jun-19,8265.70,"8,140.20","8,279.90","8,136.50",0.72K,1.59%
14-Jun-19,8136.50,"8,049.60","8,153.60","7,835.80",0.87K,1.58%
13-Jun-19,8009.70,"8,063.20","8,232.20","8,009.70",0.89K,-0.92%
12-Jun-19,8084.10,"7,722.50","8,097.10","7,659.30",0.88K,4.30%
11-Jun-19,7751.00,"7,747.40","7,812.40","7,491.70",0.89K,-0.13%
10-Jun-19,7760.90,"7,249.90","7,760.90","7,207.70",0.74K,6.41%
9-Jun-19,7293.30,"7,812.10","7,815.20","7,207.50",0.77K,-6.68%
8-Jun-19,7815.20,"7,931.50","8,054.90","7,612.90",0.50K,-1.43%
7-Jun-19,7928.50,"7,686.10","7,973.40","7,482.00",0.87K,2.03%
6-Jun-19,7770.50,"7,641.90","7,793.60","7,481.00",0.89K,1.75%
5-Jun-19,7636.90,"7,556.80","7,666.20","7,556.80",0.80K,0.88%
4-Jun-19,7570.00,"7,950.50","7,950.50","7,458.80",0.89K,-4.56%
3-Jun-19,7931.60,"8,518.70","8,522.70","7,931.60",0.52K,-6.88%
2-Jun-19,8517.40,"8,365.10","8,529.30","8,335.70",0.88K,2.12%
1-Jun-19,8340.40,"8,349.90","8,557.20","8,300.00",0.83K,-0.11%
31-May-19,8349.90,"8,198.30","8,349.90","8,191.90",0.58K,1.65%
30-May-19,8214.40,"8,580.40","9,172.00","8,174.00",0.76K,-4.28%
29-May-19,8581.30,"8,583.20","8,584.20","8,450.50",0.85K,0.02%
28-May-19,8579.40,"8,471.60","8,583.80","8,250.00",0.49K,1.53%
27-May-19,8450.00,"7,958.00","8,492.60","7,958.00",0.75K,6.18%
26-May-19,7958.00,"8,055.30","8,067.70","7,958.00",0.42K,-1.22%
25-May-19,8056.10,"7,969.50","8,173.40","7,942.00",0.44K,1.15%
24-May-19,7964.30,"7,842.90","8,089.40","7,780.50",0.80K,1.61%
23-May-19,7837.80,"7,833.40","7,843.10","7,372.90",0.61K,0.06%
22-May-19,7833.40,"8,084.00","8,093.00","7,833.40",0.75K,-3.10%
21-May-19,8084.00,"8,020.80","8,095.70","7,954.60",0.78K,0.79%
20-May-19,8020.80,"8,143.70","8,198.40","7,858.00",0.84K,-1.48%
19-May-19,8141.70,"7,689.60","8,214.10","7,689.60",0.51K,5.88%
18-May-19,7689.60,"7,807.70","7,807.70","7,669.40",0.58K,-0.05%
17-May-19,7693.60,"8,267.80","8,267.80","7,251.80",0.55K,-6.95%
16-May-19,8267.80,"7,490.50","8,775.40","7,490.50",0.52K,10.38%
15-May-19,7490.50,"6,666.00","7,500.00","6,433.10",0.52K,12.37%
14-May-19,6666.00,"6,288.40","6,666.00","6,288.40",0.40K,5.32%
13-May-19,6329.30,"6,013.80","6,396.40","6,006.60",0.67K,4.85%
12-May-19,6036.60,"5,817.30","6,414.70","5,817.30",0.70K,3.77%
11-May-19,5817.30,"5,441.00","5,817.30","5,441.00",0.39K,6.92%
10-May-19,5441.00,"5,434.90","5,441.00","5,434.90",0.35K,0.11%
9-May-19,5434.90,"5,428.80","5,434.90","5,425.10",0.47K,0.15%
8-May-19,5426.80,"5,433.90","5,440.90","5,332.70",0.78K,-0.13%
7-May-19,5433.90,"5,589.60","5,598.60","5,051.00",0.46K,-2.79%
6-May-19,5589.60,"5,187.70","5,598.80","5,050.00",0.65K,7.71%
5-May-19,5189.50,"5,214.50","5,218.90","5,146.90",0.80K,-0.56%
4-May-19,5218.90,"5,258.60","5,258.60","5,173.20",0.75K,-0.76%
3-May-19,5258.60,"5,146.20","5,260.10","5,137.20",0.53K,2.18%
2-May-19,5146.20,"5,167.20","5,167.20","5,125.70",0.72K,-0.28%
1-May-19,5160.90,"5,199.10","5,254.00","5,108.90",0.88K,-0.69%
30-Apr-19,5196.60,"4,995.40","5,235.40","4,817.00",0.64K,3.81%
29-Apr-19,5006.00,"5,085.30","5,105.10","4,951.90",0.87K,-1.59%
28-Apr-19,5087.00,"5,125.50","5,160.40","5,081.00",0.88K,-0.92%
27-Apr-19,5134.30,"5,079.40","5,208.00","5,040.90",0.88K,1.17%
26-Apr-19,5074.70,"5,485.10","5,485.10","5,000.20",0.73K,-7.48%
25-Apr-19,5485.10,"5,409.10","5,485.10","5,407.70",0.36K,1.38%
24-Apr-19,5410.20,"5,625.60","5,625.60","5,401.00",0.37K,-3.83%
23-Apr-19,5625.60,"5,471.70","5,639.70","5,467.80",0.79K,2.56%
22-Apr-19,5485.30,"5,418.80","5,520.10","5,266.50",0.81K,1.12%
21-Apr-19,5424.60,"5,557.50","5,562.90","5,323.10",0.87K,-2.49%
20-Apr-19,5562.90,"5,523.00","5,637.00","5,492.60",0.88K,0.67%
19-Apr-19,5526.00,"5,542.50","5,561.00","5,466.40",0.86K,-0.83%
18-Apr-19,5572.10,"5,382.30","5,624.30","5,380.20",0.55K,-31.46%
23-Sep-18,8130.00,"7,967.30","8,219.50","7,904.10",1.21K,2.35%
22-Sep-18,7943.70,"8,296.90","8,296.90","7,777.80",1.01K,-4.26%
21-Sep-18,8296.90,"7,010.20","8,296.90","7,010.20",1.36K,18.35%
20-Sep-18,7010.20,"6,930.70","7,087.90","6,865.80",1.52K,1.15%
19-Sep-18,6930.70,"6,948.80","7,040.00","6,855.30",1.67K,-0.26%
18-Sep-18,6948.80,"6,539.80","6,995.30","6,485.10",1.64K,6.25%
17-Sep-18,6539.80,"7,278.10","7,290.00","6,473.60",1.32K,-10.16%
16-Sep-18,7279.50,"7,285.80","7,287.60","7,069.60",1.70K,0.03%
15-Sep-18,7277.10,"7,127.40","7,286.50","6,956.20",1.53K,2.10%
14-Sep-18,7127.40,"7,108.80","7,284.90","6,756.40",1.21K,0.26%
13-Sep-18,7108.80,"5,932.30","7,108.80","5,932.30",0.42K,19.83%
12-Sep-18,5932.30,"6,114.30","6,114.30","5,649.80",0.72K,-3.02%
11-Sep-18,6117.10,"6,401.00","6,669.40","6,111.30",1.32K,-4.43%
10-Sep-18,6401.00,"6,467.90","6,605.50","6,266.00",1.41K,-1.03%
9-Sep-18,6467.90,"6,453.50","6,843.70","6,157.40",1.12K,0.03%
8-Sep-18,6466.00,"7,260.50","7,274.20","6,240.70",1.37K,-10.94%
7-Sep-18,7260.50,"7,567.90","7,612.80","7,257.60",1.56K,-4.06%
6-Sep-18,7567.90,"7,803.30","7,803.30","7,244.70",1.77K,-3.02%
5-Sep-18,7803.30,"9,230.50","9,290.60","7,803.30",1.82K,-15.46%
4-Sep-18,9230.50,"9,338.50","9,411.20","9,225.50",1.06K,-1.16%
3-Sep-18,9338.50,"9,539.10","9,539.10","9,140.10",0.96K,-1.41%
2-Sep-18,9472.50,"9,532.30","9,584.20","9,189.20",1.61K,-0.63%
1-Sep-18,9532.30,"9,396.00","9,645.50","9,072.00",1.04K,1.45%
31-Aug-18,9396.00,"9,396.00","9,573.60","9,127.50",1.07K,0.00%
30-Aug-18,9396.00,"9,608.60","9,621.90","8,988.00",1.31K,-2.75%
29-Aug-18,9661.30,"9,840.10","9,974.70","9,531.50",1.58K,-1.82%
28-Aug-18,9840.10,"9,186.00","9,840.10","9,186.00",1.25K,7.12%
27-Aug-18,9186.00,"9,074.10","9,238.80","9,047.50",1.41K,1.23%
26-Aug-18,9074.10,"9,282.90","9,282.90","9,015.00",1.42K,-2.25%
25-Aug-18,9282.90,"9,323.70","9,363.70","9,193.00",1.50K,-0.44%
24-Aug-18,9323.70,"9,126.00","9,353.10","8,985.10",1.35K,2.17%
23-Aug-18,9126.00,"8,938.40","9,280.60","8,938.40",1.50K,2.10%
22-Aug-18,8938.40,"9,324.40","9,685.10","8,882.70",1.47K,-4.04%
21-Aug-18,9314.30,"9,900.00","9,900.00","9,069.50",0.84K,-5.92%
20-Aug-18,9900.00,"9,990.70","10,038.90","9,900.00",1.42K,-1.13%
19-Aug-18,10013.20,"9,640.20","10,082.90","9,631.00",1.54K,1.63%
18-Aug-18,9852.40,"10,503.50","10,557.30","9,462.40",1.57K,-5.68%
17-Aug-18,10446.00,"9,553.50","10,446.00","9,553.50",1.51K,10.38%
16-Aug-18,9463.30,"9,300.40","9,781.90","9,300.40",1.58K,2.28%
15-Aug-18,9252.10,"9,425.70","10,120.00","9,239.20",1.26K,4.98%
14-Aug-18,8813.30,"9,135.80","9,135.80","8,698.60",1.17K,-6.66%
13-Aug-18,9442.10,"10,578.20","10,616.40","9,385.60",0.88K,-10.74%
12-Aug-18,10578.20,"10,496.30","10,776.80","10,496.30",0.32K,-3.06%
11-Aug-18,10911.80,"11,054.80","11,054.80","10,161.30",0.33K,-0.11%
10-Aug-18,10924.20,"12,268.00","12,268.00","10,924.20",0.34K,-10.95%
9-Aug-18,12268.00,"12,236.60","12,268.00","11,904.90",0.39K,0.26%
8-Aug-18,12236.60,"13,441.90","13,441.90","12,236.60",0.37K,-8.97%
7-Aug-18,13441.90,"13,517.30","13,631.80","13,441.90",0.24K,-0.19%
6-Aug-18,13466.90,"13,611.60","13,715.90","13,376.10",0.10K,-1.21%
5-Aug-18,13632.10,"13,521.00","13,800.00","13,279.50",0.57K,0.82%
4-Aug-18,13521.00,"13,898.90","14,022.50","13,256.60",1.03K,-2.72%
3-Aug-18,13898.90,"13,681.30","14,037.60","13,101.80",0.85K,1.59%
2-Aug-18,13681.30,"13,971.20","14,163.10","13,633.80",0.93K,-2.07%
1-Aug-18,13971.20,"14,304.80","14,398.90","13,586.90",0.98K,-2.33%
31-Jul-18,14304.80,"15,145.10","15,145.10","14,299.50",1.07K,-5.66%
30-Jul-18,15163.10,"15,540.20","15,540.20","14,913.80",0.65K,-2.43%
29-Jul-18,15540.20,"15,518.90","15,580.10","15,366.90",0.36K,0.14%
28-Jul-18,15518.90,"15,621.60","15,621.60","15,389.30",0.33K,-0.66%
27-Jul-18,15621.60,"15,307.20","15,621.60","15,188.50",0.41K,2.05%
26-Jul-18,15307.20,"15,741.20","15,894.20","15,307.20",1.05K,-2.76%
25-Jul-18,15741.20,"15,876.80","15,877.30","15,590.80",1.03K,-0.86%
24-Jul-18,15878.50,"15,097.20","15,886.60","15,094.10",0.65K,5.17%
23-Jul-18,15097.20,"15,046.90","15,431.50","15,045.10",0.92K,0.33%
22-Jul-18,15046.90,"15,045.10","15,181.30","15,035.70",1.07K,0.01%
21-Jul-18,15045.10,"15,018.50","15,112.70","15,015.10",1.09K,0.19%
20-Jul-18,15016.10,"15,390.60","15,398.50","15,013.10",1.02K,-2.43%
19-Jul-18,15390.60,"16,524.80","16,525.90","15,382.40",1.06K,-6.86%
18-Jul-18,16524.80,"16,485.60","16,526.50","16,484.40",0.87K,0.24%
17-Jul-18,16485.60,"15,584.40","16,493.10","15,523.70",0.84K,5.72%
16-Jul-18,15594.00,"14,939.20","15,594.40","14,803.60",0.99K,4.38%
15-Jul-18,14939.20,"14,427.90","15,112.50","14,328.90",1.23K,3.54%
14-Jul-18,14427.90,"14,373.40","14,577.80","14,310.80",1.38K,0.80%
13-Jul-18,14312.80,"14,310.70","14,669.30","14,302.50",0.80K,0.02%
12-Jul-18,14310.70,"14,774.30","14,792.70","14,301.50",0.98K,-3.14%
11-Jul-18,14774.30,"14,505.40","14,813.50","14,501.60",1.42K,1.85%
10-Jul-18,14505.40,"15,681.50","15,699.30","14,505.40",1.24K,-7.52%
9-Jul-18,15685.30,"15,742.00","15,748.90","15,670.00",0.73K,-0.36%
8-Jul-18,15742.00,"15,655.10","15,749.50","15,655.10",0.83K,0.55%
7-Jul-18,15655.10,"15,633.80","15,656.70","15,491.30",1.16K,0.17%
6-Jul-18,15629.30,"15,461.20","15,649.30","15,348.80",1.07K,1.07%
5-Jul-18,15463.80,"15,211.60","16,149.20","15,169.60",0.97K,1.66%
4-Jul-18,15211.60,"15,197.00","15,211.60","15,197.00",0.33K,-0.51%
3-Jul-18,15288.90,"15,769.10","16,200.00","15,131.40",0.32K,-3.04%
2-Jul-18,15769.10,"15,028.00","15,847.10","14,943.20",0.61K,4.55%
1-Jul-18,15082.40,"15,031.80","15,235.40","14,884.00",0.65K,0.34%
30-Jun-18,15031.80,"14,626.00","15,291.50","14,572.10",0.63K,2.48%
29-Jun-18,14667.80,"14,093.00","14,667.80","13,678.30",0.97K,4.16%
28-Jun-18,14082.50,"14,811.70","14,835.80","14,082.50",0.54K,-4.94%
27-Jun-18,14814.30,"14,637.60","15,585.10","14,091.70",0.59K,1.04%
26-Jun-18,14661.10,"15,585.10","15,585.10","14,661.10",0.09K,-5.93%
25-Jun-18,15585.10,"15,194.10","15,757.60","14,513.50",0.12K,3.44%
24-Jun-18,15067.00,"15,960.10","15,960.10","14,214.90",0.10K,-5.60%
23-Jun-18,15960.10,"15,356.80","16,091.10","15,356.80",0.38K,3.93%
22-Jun-18,15356.80,"17,363.90","20,903.80","15,246.40",0.22K,-11.54%
21-Jun-18,17359.40,"17,372.90","17,592.30","17,052.30",0.02K,0.02%
20-Jun-18,17355.20,"16,992.20","17,557.90","16,500.00",0.02K,2.14%
19-Jun-18,16992.20,"16,609.30","18,090.10","16,300.00",0.88K,2.31%
18-Jun-18,16609.30,"17,535.50","18,163.60","16,579.00",0.90K,-5.28%
17-Jun-18,17535.50,"18,096.00","18,204.50","15,930.00",0.84K,-3.10%
16-Jun-18,18096.00,"18,290.00","18,293.50","15,793.80",0.84K,-1.06%
15-Jun-18,18290.00,"16,926.10","18,294.80","15,233.40",0.61K,2.67%
14-Jun-18,17814.00,"17,570.20","18,288.80","14,225.00",0.53K,1.39%
13-Jun-18,17570.20,"17,632.40","18,790.00","13,694.20",0.56K,-4.30%
12-Jun-18,18360.00,"17,672.50","18,778.00","17,315.00",0.37K,2.00%
11-Jun-18,18000.00,"18,000.00","18,000.00","18,000.00",-,0.00%
10-Jun-18,18000.00,"19,205.70","19,223.30","18,000.00",0.03K,-6.02%
9-Jun-18,19152.00,"19,140.00","19,252.70","19,103.00",0.03K,0.06%
8-Jun-18,19140.00,"19,341.20","19,361.80","19,047.10",0.01K,-1.08%
7-Jun-18,19349.10,"19,156.60","19,985.00","19,156.00",0.02K,1.00%
6-Jun-18,19156.60,"19,928.20","19,981.00","18,377.00",0.02K,-3.87%
5-Jun-18,19928.20,"19,313.20","19,987.40","17,658.00",0.02K,3.18%
4-Jun-18,19313.20,"19,447.90","20,000.00","18,921.90",0.03K,2.12%
3-Jun-18,18912.20,"19,000.00","20,015.50","17,500.00",0.04K,-0.46%
2-Jun-18,19000.00,"18,716.00","19,000.00","17,879.00",0.01K,4.10%
1-Jun-18,18251.50,"18,582.00","18,780.10","17,817.40",0.01K,-1.78%
31-May-18,18582.00,"18,401.80","18,992.40","17,201.00",0.01K,0.98%
30-May-18,18401.80,"18,490.60","18,979.20","17,883.00",0.01K,-0.48%
29-May-18,18490.60,"18,127.00","18,500.00","16,846.30",0.01K,2.01%
28-May-18,18127.00,"17,764.00","18,714.00","16,922.00",0.01K,-2.90%
27-May-18,18668.00,"19,259.00","19,371.00","16,206.00",0.01K,-3.09%
26-May-18,19264.20,"19,059.70","19,373.00","19,022.20",0.01K,1.01%
25-May-18,19071.30,"17,494.90","19,366.20","17,384.10",0.01K,9.01%
24-May-18,17494.90,"20,731.30","22,001.80","15,992.30",0.92K,-19.74%
23-May-18,21797.70,"22,672.10","23,136.00","18,732.50",1.21K,-3.86%
22-May-18,22672.10,"23,240.00","24,739.00","22,285.00",1.24K,-7.44%
21-May-18,24495.00,"22,944.50","25,000.00","22,500.00",1.27K,5.74%
20-May-18,23166.00,"23,305.70","23,383.30","22,696.00",1.21K,-0.60%
19-May-18,23305.70,"23,066.00","23,376.00","22,500.00",1.25K,0.68%
18-May-18,23149.00,"22,000.00","23,385.00","21,732.50",1.08K,5.22%
17-May-18,22000.00,"23,152.00","23,384.80","22,000.00",0.88K,-4.98%
16-May-18,23152.00,"23,195.00","23,397.00","22,354.20",1.13K,-0.17%
15-May-18,23191.20,"23,412.40","23,428.00","22,949.50",1.14K,-0.94%
14-May-18,23412.40,"23,413.10","23,418.60","21,700.00",0.99K,0.27%
13-May-18,23350.00,"23,007.00","23,426.80","21,427.00",1.07K,1.74%
12-May-18,22951.00,"22,781.00","23,428.00","21,500.00",0.94K,1.56%
11-May-18,22598.00,"25,436.80","25,476.80","22,284.30",0.77K,-11.16%
10-May-18,25436.80,"25,413.00","25,511.20","24,015.20",0.12K,0.09%
9-May-18,25413.00,"24,374.00","25,681.30","23,469.80",0.04K,3.67%
8-May-18,24513.50,"25,490.50","25,707.60","22,890.10",0.04K,-3.83%
7-May-18,25490.50,"23,880.00","25,757.60","22,561.50",0.03K,6.74%
6-May-18,23880.00,"24,100.60","25,000.00","23,563.50",0.02K,-0.34%
5-May-18,23962.00,"24,114.60","24,904.10","23,537.00",0.03K,0.17%
4-May-18,23922.00,"22,953.00","24,500.00","22,872.60",0.03K,0.77%
3-May-18,23739.50,"21,164.00","23,739.50","21,164.00",0.02K,12.17%
2-May-18,21164.00,"20,548.00","21,500.00","20,001.00",-,3.00%
1-May-18,20548.00,"21,532.00","21,697.00","20,484.00",0.03K,-4.03%
30-Apr-18,21411.50,"20,600.40","21,698.00","20,371.00",0.03K,3.15%
29-Apr-18,20758.10,"21,193.40","21,819.00","20,223.50",0.03K,-2.05%
28-Apr-18,21193.40,"21,271.90","21,958.70","20,076.30",0.02K,-0.37%
27-Apr-18,21271.90,"22,216.00","22,366.50","20,000.00",0.03K,-4.25%
26-Apr-18,22216.00,"20,826.40","23,444.60","16,400.00",0.02K,6.67%
25-Apr-18,20826.40,"21,770.40","23,764.00","20,694.50",0.04K,-4.34%
24-Apr-18,21770.40,"19,188.40","23,773.80","19,188.40",0.03K,13.46%
23-Apr-18,19188.40,"19,040.20","19,987.00","18,947.30",0.03K,0.78%
22-Apr-18,19040.20,"18,592.40","19,200.00","17,245.80",0.03K,2.41%
21-Apr-18,18592.40,"16,966.00","19,500.00","16,827.80",0.02K,9.59%
20-Apr-18,16966.00,"16,574.00","18,200.00","16,253.60",0.02K,2.37%
19-Apr-18,16574.00,"15,614.60","17,186.10","15,534.50",0.03K,6.14%
18-Apr-18,15614.60,"15,778.00","15,968.20","15,500.00",0.03K,-1.04%
17-Apr-18,15778.00,"16,206.00","16,206.00","15,659.90",0.02K,-2.64%
16-Apr-18,16206.00,"16,239.00","16,239.00","16,159.70",0.02K,-0.20%
15-Apr-18,16239.00,"16,423.00","16,423.00","16,239.00",0.03K,-1.12%
14-Apr-18,16423.00,"17,121.00","17,121.00","16,423.00",0.02K,-4.08%
13-Apr-18,17121.00,"13,999.90","17,121.00","13,999.90",0.03K,22.29%
12-Apr-18,13999.90,"12,863.80","13,999.90","12,863.80",0.03K,8.83%
11-Apr-18,12863.80,"12,885.00","12,885.00","12,863.80",0.02K,-0.16%
10-Apr-18,12885.00,"13,000.00","13,000.00","12,448.00",0.03K,-0.88%
9-Apr-18,13000.00,"12,879.00","13,000.00","12,694.80",0.03K,0.94%
8-Apr-18,12879.00,"12,881.30","12,881.30","12,879.00",0.03K,-0.02%
7-Apr-18,12881.30,"12,900.00","12,900.00","12,881.30",0.03K,-0.14%
6-Apr-18,12900.00,"13,078.00","13,078.00","12,833.50",0.01K,-1.36%
5-Apr-18,13078.00,"13,784.00","13,784.00","13,078.00",0.02K,-5.12%
4-Apr-18,13784.00,"13,000.00","13,784.00","13,000.00",0.03K,6.03%
3-Apr-18,13000.00,"12,499.30","13,000.00","12,499.30",0.03K,4.01%
2-Apr-18,12499.30,"13,580.90","13,580.90","12,362.00",0.02K,-7.96%
1-Apr-18,13580.90,"14,160.50","14,160.50","13,580.90",0.04K,-4.09%
31-Mar-18,14160.50,"15,900.00","15,900.00","14,160.50",0.03K,-10.94%
30-Mar-18,15900.00,"15,976.30","15,976.30","15,900.00",0.03K,-0.48%
29-Mar-18,15976.30,"15,992.10","15,992.10","15,976.30",0.02K,-0.10%
28-Mar-18,15992.10,"17,272.30","17,272.30","15,992.10",0.02K,-7.41%
27-Mar-18,17272.30,"17,269.40","17,272.30","17,269.40",0.02K,0.02%
26-Mar-18,17269.40,"17,282.00","17,282.00","17,269.40",0.02K,-0.07%
25-Mar-18,17282.00,"18,074.00","18,074.00","17,282.00",0.02K,-4.38%
24-Mar-18,18074.00,"18,195.20","18,195.20","18,074.00",0.03K,-0.67%
23-Mar-18,18195.20,"18,685.20","18,685.20","18,184.70",0.02K,-2.62%
22-Mar-18,18685.20,"18,879.90","18,879.90","18,685.20",0.03K,-1.03%
21-Mar-18,18879.90,"18,900.00","18,900.00","18,879.90",0.02K,-0.11%
20-Mar-18,18900.00,"19,700.00","19,700.00","18,899.00",0.03K,-4.06%
19-Mar-18,19700.00,"19,347.70","19,700.00","17,958.70",0.03K,1.82%
18-Mar-18,19347.70,"19,998.60","19,998.60","19,347.70",0.03K,-3.25%
17-Mar-18,19998.60,"20,649.50","20,649.50","19,998.60",0.03K,-3.15%
16-Mar-18,20649.50,"20,999.00","20,999.00","20,649.50",0.03K,-1.66%
15-Mar-18,20999.00,"23,488.00","23,488.00","20,999.00",0.03K,-10.60%
14-Mar-18,23488.00,"24,999.00","24,999.00","23,488.00",0.03K,-6.04%
13-Mar-18,24999.00,"24,651.00","24,999.00","24,474.10",0.03K,1.41%
12-Mar-18,24651.00,"24,666.00","24,666.00","24,651.00",0.02K,-0.06%
11-Mar-18,24666.00,"24,996.90","24,996.90","24,666.00",0.03K,-1.32%
10-Mar-18,24996.90,"26,173.00","26,173.00","24,996.90",0.02K,-4.49%
9-Mar-18,26173.00,"26,487.80","26,487.80","26,173.00",0.03K,-1.19%
8-Mar-18,26487.80,"26,800.00","26,800.00","26,487.80",0.03K,-1.16%
7-Mar-18,26800.00,"27,222.00","27,222.00","26,800.00",0.03K,-1.55%
6-Mar-18,27222.00,"27,300.00","27,300.00","27,222.00",0.02K,-0.29%
5-Mar-18,27300.00,"27,600.00","27,600.00","27,300.00",0.03K,-1.09%
4-Mar-18,27600.00,"27,696.00","27,696.00","27,600.00",0.03K,-0.35%
3-Mar-18,27696.00,"27,936.70","27,936.70","27,696.00",0.03K,-0.86%
2-Mar-18,27936.70,"27,951.80","27,951.80","27,936.70",0.03K,-0.05%
1-Mar-18,27951.80,"28,384.20","28,384.20","27,951.80",0.03K,-1.52%
28-Feb-18,28384.20,"28,500.00","28,500.00","28,384.20",0.02K,-0.41%
27-Feb-18,28500.00,"27,888.50","28,500.00","27,888.50",0.03K,2.19%
26-Feb-18,27888.50,"27,900.00","27,900.00","27,500.00",0.03K,-0.04%
25-Feb-18,27900.00,"28,748.90","28,748.90","27,900.00",0.02K,-2.95%
24-Feb-18,28748.90,"29,604.30","29,604.30","28,748.90",0.01K,-2.89%
23-Feb-18,29604.30,"29,873.80","29,873.80","28,471.10",0.02K,-0.90%
22-Feb-18,29873.80,"30,768.30","30,768.30","29,873.80",0.02K,-2.91%
21-Feb-18,30768.30,"31,219.00","31,219.00","30,768.30",0.02K,-1.44%
